-1000,000;62,381;1,796;;;
-999,000;62,407;1,791;;;
-998,000;62,434;1,786;;;
-997,000;62,460;1,781;;;
-996,000;62,487;1,776;;;
-995,000;62,513;1,772;;;
-994,000;62,540;1,767;;;
-993,000;62,566;1,762;;;
-992,000;62,592;1,758;;;
-991,000;62,619;1,753;;;
-990,000;62,645;1,748;;;
-989,000;62,671;1,744;;;
-988,000;62,697;1,739;;;
-987,000;62,724;1,734;;;
-986,000;62,750;1,729;;;
-985,000;62,776;1,725;;;
-984,000;62,802;1,720;;;
-983,000;62,828;1,716;;;
-982,000;62,854;1,711;;;
-981,000;62,880;1,706;;;
-980,000;62,906;1,702;;;
-979,000;62,932;1,697;;;
-978,000;62,958;1,692;;;
-977,000;62,984;1,688;;;
-976,000;63,010;1,683;;;
-975,000;63,036;1,678;;;
-974,000;63,062;1,674;;;
-973,000;63,087;1,669;;;
-972,000;63,113;1,664;;;
-971,000;63,139;1,660;;;
-970,000;63,165;1,655;;;
-969,000;63,190;1,651;;;
-968,000;63,216;1,646;;;
-967,000;63,241;1,641;;;
-966,000;63,267;1,637;;;
-965,000;63,293;1,632;;;
-964,000;63,318;1,627;;;
-963,000;63,344;1,623;;;
-962,000;63,369;1,618;;;
-961,000;63,394;1,613;;;
-960,000;63,420;1,609;;;
-959,000;63,445;1,604;;;
-958,000;63,471;1,599;;;
-957,000;63,496;1,595;;;
-956,000;63,521;1,590;;;
-955,000;63,546;1,585;;;
-954,000;63,572;1,581;;;
-953,000;63,597;1,576;;;
-952,000;63,622;1,571;;;
-951,000;63,647;1,567;;;
-950,000;63,672;1,562;;;
-949,000;63,697;1,557;;;
-948,000;63,722;1,552;;;
-947,000;63,747;1,548;;;
-946,000;63,772;1,543;;;
-945,000;63,797;1,538;;;
-944,000;63,822;1,533;;;
-943,000;63,847;1,529;;;
-942,000;63,872;1,524;;;
-941,000;63,897;1,519;;;
-940,000;63,921;1,514;;;
-939,000;63,946;1,509;;;
-938,000;63,971;1,504;;;
-937,000;63,996;1,500;;;
-936,000;64,020;1,495;;;
-935,000;64,045;1,490;;;
-934,000;64,070;1,485;;;
-933,000;64,094;1,480;;;
-932,000;64,119;1,475;;;
-931,000;64,143;1,470;;;
-930,000;64,168;1,465;;;
-929,000;64,192;1,460;;;
-928,000;64,217;1,455;;;
-927,000;64,241;1,449;;;
-926,000;64,265;1,444;;;
-925,000;64,290;1,439;;;
-924,000;64,314;1,434;;;
-923,000;64,338;1,429;;;
-922,000;64,363;1,423;;;
-921,000;64,387;1,418;;;
-920,000;64,411;1,413;;;
-919,000;64,435;1,407;;;
-918,000;64,460;1,402;;;
-917,000;64,484;1,397;;;
-916,000;64,508;1,391;;;
-915,000;64,532;1,386;;;
-914,000;64,556;1,380;;;
-913,000;64,580;1,375;;;
-912,000;64,604;1,369;;;
-911,000;64,628;1,364;;;
-910,000;64,652;1,358;;;
-909,000;64,676;1,352;;;
-908,000;64,700;1,347;;;
-907,000;64,724;1,341;;;
-906,000;64,748;1,335;;;
-905,000;64,772;1,329;;;
-904,000;64,795;1,324;;;
-903,000;64,819;1,318;;;
-902,000;64,843;1,312;;;
-901,000;64,867;1,306;;;
-900,000;64,891;1,300;;;
-899,000;64,914;1,294;;;
-898,000;64,938;1,288;;;
-897,000;64,962;1,282;;;
-896,000;64,985;1,276;;;
-895,000;65,009;1,270;;;
-894,000;65,033;1,265;;;
-893,000;65,056;1,259;;;
-892,000;65,080;1,253;;;
-891,000;65,103;1,247;;;
-890,000;65,127;1,241;;;
-889,000;65,151;1,235;;;
-888,000;65,174;1,229;;;
-887,000;65,198;1,223;;;
-886,000;65,221;1,217;;;
-885,000;65,245;1,211;;;
-884,000;65,268;1,205;;;
-883,000;65,292;1,199;;;
-882,000;65,315;1,193;;;
-881,000;65,339;1,187;;;
-880,000;65,362;1,181;;;
-879,000;65,386;1,175;;;
-878,000;65,409;1,170;;;
-877,000;65,432;1,164;;;
-876,000;65,456;1,158;;;
-875,000;65,479;1,152;;;
-874,000;65,503;1,146;;;
-873,000;65,526;1,140;;;
-872,000;65,549;1,134;;;
-871,000;65,573;1,128;;;
-870,000;65,596;1,123;;;
-869,000;65,620;1,117;;;
-868,000;65,643;1,111;;;
-867,000;65,666;1,105;;;
-866,000;65,690;1,099;;;
-865,000;65,713;1,093;;;
-864,000;65,737;1,088;;;
-863,000;65,760;1,082;;;
-862,000;65,783;1,076;;;
-861,000;65,807;1,070;;;
-860,000;65,830;1,064;;;
-859,000;65,854;1,059;;;
-858,000;65,877;1,053;;;
-857,000;65,901;1,047;;;
-856,000;65,924;1,041;;;
-855,000;65,947;1,035;;;
-854,000;65,971;1,030;;;
-853,000;65,994;1,024;;;
-852,000;66,018;1,018;;;
-851,000;66,041;1,012;;;
-850,000;66,065;1,007;;;
-849,000;66,089;1,001;;;
-848,000;66,112;0,995;;;
-847,000;66,136;0,990;;;
-846,000;66,159;0,984;;;
-845,000;66,183;0,978;;;
-844,000;66,207;0,972;;;
-843,000;66,230;0,967;;;
-842,000;66,254;0,961;;;
-841,000;66,278;0,955;;;
-840,000;66,302;0,950;;;
-839,000;66,326;0,944;;;
-838,000;66,349;0,938;;;
-837,000;66,373;0,933;;;
-836,000;66,397;0,927;;;
-835,000;66,421;0,922;;;
-834,000;66,445;0,916;;;
-833,000;66,469;0,910;;;
-832,000;66,493;0,905;;;
-831,000;66,517;0,899;;;
-830,000;66,541;0,894;;;
-829,000;66,566;0,888;;;
-828,000;66,590;0,882;;;
-827,000;66,614;0,877;;;
-826,000;66,639;0,871;;;
-825,000;66,663;0,866;;;
-824,000;66,687;0,861;;;
-823,000;66,712;0,855;;;
-822,000;66,737;0,850;;;
-821,000;66,761;0,844;;;
-820,000;66,786;0,839;;;
-819,000;66,811;0,834;;;
-818,000;66,835;0,828;;;
-817,000;66,860;0,823;;;
-816,000;66,885;0,818;;;
-815,000;66,910;0,813;;;
-814,000;66,935;0,808;;;
-813,000;66,960;0,803;;;
-812,000;66,986;0,798;;;
-811,000;67,011;0,793;;;
-810,000;67,036;0,788;;;
-809,000;67,062;0,783;;;
-808,000;67,087;0,778;;;
-807,000;67,113;0,773;;;
-806,000;67,138;0,769;;;
-805,000;67,164;0,764;;;
-804,000;67,190;0,760;;;
-803,000;67,216;0,755;;;
-802,000;67,242;0,751;;;
-801,000;67,268;0,746;;;
-800,000;67,294;0,742;;;
-799,000;67,320;0,738;;;
-798,000;67,347;0,734;;;
-797,000;67,373;0,730;;;
-796,000;67,399;0,726;;;
-795,000;67,426;0,722;;;
-794,000;67,453;0,719;;;
-793,000;67,479;0,715;;;
-792,000;67,506;0,712;;;
-791,000;67,533;0,708;;;
-790,000;67,560;0,705;;;
-789,000;67,587;0,702;;;
-788,000;67,614;0,699;;;
-787,000;67,642;0,696;;;
-786,000;67,669;0,693;;;
-785,000;67,697;0,690;;;
-784,000;67,724;0,688;;;
-783,000;67,752;0,685;;;
-782,000;67,780;0,683;;;
-781,000;67,807;0,680;;;
-780,000;67,835;0,678;;;
-779,000;67,863;0,676;;;
-778,000;67,892;0,674;;;
-777,000;67,920;0,672;;;
-776,000;67,948;0,671;;;
-775,000;67,976;0,669;;;
-774,000;68,005;0,667;;;
-773,000;68,034;0,666;;;
-772,000;68,062;0,665;;;
-771,000;68,091;0,664;;;
-770,000;68,120;0,662;;;
-769,000;68,149;0,661;;;
-768,000;68,178;0,661;;;
-767,000;68,207;0,660;;;
-766,000;68,236;0,659;;;
-765,000;68,266;0,659;;;
-764,000;68,295;0,658;;;
-763,000;68,325;0,658;;;
-762,000;68,354;0,658;;;
-761,000;68,384;0,657;;;
-760,000;68,414;0,657;;;
-759,000;68,444;0,657;;;
-758,000;68,474;0,657;;;
-757,000;68,504;0,658;;;
-756,000;68,534;0,658;;;
-755,000;68,564;0,658;;;
-754,000;68,595;0,659;;;
-753,000;68,625;0,659;;;
-752,000;68,656;0,660;;;
-751,000;68,686;0,660;;;
-750,000;68,717;0,661;;;
-749,000;68,747;0,662;;;
-748,000;68,778;0,663;;;
-747,000;68,809;0,663;;;
-746,000;68,840;0,664;;;
-745,000;68,871;0,665;;;
-744,000;68,902;0,666;;;
-743,000;68,933;0,667;;;
-742,000;68,965;0,669;;;
-741,000;68,996;0,670;;;
-740,000;69,027;0,671;;;
-739,000;69,059;0,672;;;
-738,000;69,090;0,673;;;
-737,000;69,122;0,675;;;
-736,000;69,153;0,676;;;
-735,000;69,185;0,677;;;
-734,000;69,216;0,679;;;
-733,000;69,248;0,680;;;
-732,000;69,280;0,682;;;
-731,000;69,312;0,683;;;
-730,000;69,344;0,685;;;
-729,000;69,376;0,686;;;
-728,000;69,408;0,688;;;
-727,000;69,440;0,689;;;
-726,000;69,472;0,691;;;
-725,000;69,504;0,692;;;
-724,000;69,536;0,694;;;
-723,000;69,568;0,695;;;
-722,000;69,600;0,697;;;
-721,000;69,632;0,698;;;
-720,000;69,664;0,700;;;
-719,000;69,697;0,702;;;
-718,000;69,729;0,703;;;
-717,000;69,761;0,705;;;
-716,000;69,793;0,706;;;
-715,000;69,826;0,708;;;
-714,000;69,858;0,710;;;
-713,000;69,890;0,711;;;
-712,000;69,922;0,713;;;
-711,000;69,954;0,714;;;
-710,000;69,987;0,716;;;
-709,000;70,019;0,717;;;
-708,000;70,051;0,719;;;
-707,000;70,083;0,720;;;
-706,000;70,115;0,722;;;
-705,000;70,148;0,724;;;
-704,000;70,180;0,725;;;
-703,000;70,212;0,727;;;
-702,000;70,244;0,728;;;
-701,000;70,276;0,730;;;
-700,000;70,308;0,731;;;
-699,000;70,340;0,733;;;
-698,000;70,371;0,734;;;
-697,000;70,403;0,736;;;
-696,000;70,435;0,737;;;
-695,000;70,467;0,739;;;
-694,000;70,498;0,740;;;
-693,000;70,530;0,742;;;
-692,000;70,561;0,743;;;
-691,000;70,592;0,745;;;
-690,000;70,624;0,746;;;
-689,000;70,655;0,748;;;
-688,000;70,686;0,749;;;
-687,000;70,717;0,750;;;
-686,000;70,748;0,752;;;
-685,000;70,779;0,753;;;
-684,000;70,809;0,755;;;
-683,000;70,840;0,756;;;
-682,000;70,870;0,758;;;
-681,000;70,901;0,759;;;
-680,000;70,931;0,761;;;
-679,000;70,961;0,762;;;
-678,000;70,991;0,763;;;
-677,000;71,021;0,765;;;
-676,000;71,051;0,766;;;
-675,000;71,080;0,768;;;
-674,000;71,109;0,769;;;
-673,000;71,139;0,770;;;
-672,000;71,168;0,772;;;
-671,000;71,197;0,773;;;
-670,000;71,226;0,774;;;
-669,000;71,254;0,776;;;
-668,000;71,283;0,777;;;
-667,000;71,311;0,778;;;
-666,000;71,339;0,780;;;
-665,000;71,367;0,781;;;
-664,000;71,395;0,782;;;
-663,000;71,422;0,784;;;
-662,000;71,450;0,785;;;
-661,000;71,477;0,786;;;
-660,000;71,504;0,787;;;
-659,000;71,531;0,788;;;
-658,000;71,558;0,790;;;
-657,000;71,584;0,791;;;
-656,000;71,610;0,792;;;
-655,000;71,636;0,793;;;
-654,000;71,662;0,794;;;
-653,000;71,688;0,795;;;
-652,000;71,713;0,796;;;
-651,000;71,738;0,797;;;
-650,000;71,763;0,798;;;
-649,000;71,788;0,799;;;
-648,000;71,812;0,800;;;
-647,000;71,837;0,801;;;
-646,000;71,861;0,802;;;
-645,000;71,884;0,802;;;
-644,000;71,908;0,803;;;
-643,000;71,931;0,804;;;
-642,000;71,954;0,805;;;
-641,000;71,977;0,805;;;
-640,000;72,000;0,806;;;
-639,000;72,022;0,807;;;
-638,000;72,044;0,807;;;
-637,000;72,066;0,808;;;
-636,000;72,087;0,808;;;
-635,000;72,108;0,809;;;
-634,000;72,129;0,809;;;
-633,000;72,150;0,809;;;
-632,000;72,171;0,810;;;
-631,000;72,191;0,810;;;
-630,000;72,211;0,810;;;
-629,000;72,230;0,810;;;
-628,000;72,250;0,810;;;
-627,000;72,269;0,810;;;
-626,000;72,288;0,810;;;
-625,000;72,306;0,810;;;
-624,000;72,324;0,810;;;
-623,000;72,342;0,810;;;
-622,000;72,360;0,810;;;
-621,000;72,377;0,810;;;
-620,000;72,394;0,809;;;
-619,000;72,411;0,809;;;
-618,000;72,428;0,809;;;
-617,000;72,444;0,808;;;
-616,000;72,460;0,808;;;
-615,000;72,475;0,807;;;
-614,000;72,491;0,806;;;
-613,000;72,506;0,806;;;
-612,000;72,520;0,805;;;
-611,000;72,535;0,804;;;
-610,000;72,549;0,803;;;
-609,000;72,563;0,802;;;
-608,000;72,576;0,801;;;
-607,000;72,590;0,800;;;
-606,000;72,603;0,799;;;
-605,000;72,615;0,798;;;
-604,000;72,628;0,796;;;
-603,000;72,640;0,795;;;
-602,000;72,651;0,794;;;
-601,000;72,663;0,792;;;
-600,000;72,674;0,791;;;
-599,000;72,685;0,789;;;
-598,000;72,695;0,787;;;
-597,000;72,706;0,786;;;
-596,000;72,716;0,784;;;
-595,000;72,725;0,782;;;
-594,000;72,735;0,781;;;
-593,000;72,744;0,779;;;
-592,000;72,753;0,777;;;
-591,000;72,761;0,775;;;
-590,000;72,770;0,773;;;
-589,000;72,778;0,771;;;
-588,000;72,785;0,769;;;
-587,000;72,793;0,767;;;
-586,000;72,800;0,765;;;
-585,000;72,807;0,763;;;
-584,000;72,813;0,761;;;
-583,000;72,819;0,759;;;
-582,000;72,825;0,757;;;
-581,000;72,831;0,755;;;
-580,000;72,837;0,753;;;
-579,000;72,842;0,751;;;
-578,000;72,847;0,748;;;
-577,000;72,851;0,746;;;
-576,000;72,856;0,744;;;
-575,000;72,860;0,742;;;
-574,000;72,864;0,739;;;
-573,000;72,867;0,737;;;
-572,000;72,871;0,735;;;
-571,000;72,874;0,732;;;
-570,000;72,876;0,730;;;
-569,000;72,879;0,728;;;
-568,000;72,881;0,725;;;
-567,000;72,883;0,723;;;
-566,000;72,885;0,720;;;
-565,000;72,886;0,718;;;
-564,000;72,888;0,715;;;
-563,000;72,889;0,713;;;
-562,000;72,889;0,710;;;
-561,000;72,890;0,707;;;
-560,000;72,890;0,705;;;
-559,000;72,890;0,702;;;
-558,000;72,890;0,699;;;
-557,000;72,889;0,697;;;
-556,000;72,888;0,694;;;
-555,000;72,887;0,691;;;
-554,000;72,886;0,689;;;
-553,000;72,884;0,686;;;
-552,000;72,883;0,683;;;
-551,000;72,881;0,680;;;
-550,000;72,878;0,678;;;
-549,000;72,876;0,675;;;
-548,000;72,873;0,672;;;
-547,000;72,870;0,670;;;
-546,000;72,867;0,667;;;
-545,000;72,863;0,664;;;
-544,000;72,860;0,661;;;
-543,000;72,856;0,659;;;
-542,000;72,852;0,656;;;
-541,000;72,847;0,653;;;
-540,000;72,843;0,651;;;
-539,000;72,838;0,648;;;
-538,000;72,833;0,646;;;
-537,000;72,827;0,643;;;
-536,000;72,822;0,641;;;
-535,000;72,816;0,638;;;
-534,000;72,810;0,636;;;
-533,000;72,804;0,633;;;
-532,000;72,798;0,631;;;
-531,000;72,791;0,629;;;
-530,000;72,784;0,626;;;
-529,000;72,777;0,624;;;
-528,000;72,770;0,622;;;
-527,000;72,762;0,620;;;
-526,000;72,754;0,618;;;
-525,000;72,746;0,616;;;
-524,000;72,738;0,614;;;
-523,000;72,730;0,612;;;
-522,000;72,721;0,610;;;
-521,000;72,712;0,608;;;
-520,000;72,703;0,606;;;
-519,000;72,694;0,605;;;
-518,000;72,685;0,603;;;
-517,000;72,675;0,602;;;
-516,000;72,665;0,600;;;
-515,000;72,655;0,599;;;
-514,000;72,645;0,598;;;
-513,000;72,634;0,597;;;
-512,000;72,624;0,596;;;
-511,000;72,613;0,595;;;
-510,000;72,602;0,594;;;
-509,000;72,590;0,594;;;
-508,000;72,579;0,593;;;
-507,000;72,567;0,593;;;
-506,000;72,555;0,593;;;
-505,000;72,543;0,592;;;
-504,000;72,531;0,592;;;
-503,000;72,518;0,592;;;
-502,000;72,506;0,593;;;
-501,000;72,493;0,593;;;
-500,000;72,480;0,593;;;
-499,000;72,467;0,594;;;
-498,000;72,453;0,594;;;
-497,000;72,440;0,595;;;
-496,000;72,426;0,596;;;
-495,000;72,412;0,597;;;
-494,000;72,398;0,598;;;
-493,000;72,383;0,599;;;
-492,000;72,369;0,600;;;
-491,000;72,354;0,602;;;
-490,000;72,339;0,603;;;
-489,000;72,324;0,605;;;
-488,000;72,309;0,606;;;
-487,000;72,294;0,608;;;
-486,000;72,279;0,610;;;
-485,000;72,263;0,612;;;
-484,000;72,247;0,614;;;
-483,000;72,231;0,616;;;
-482,000;72,215;0,618;;;
-481,000;72,199;0,620;;;
-480,000;72,182;0,622;;;
-479,000;72,166;0,625;;;
-478,000;72,149;0,627;;;
-477,000;72,132;0,629;;;
-476,000;72,115;0,632;;;
-475,000;72,098;0,634;;;
-474,000;72,081;0,636;;;
-473,000;72,064;0,639;;;
-472,000;72,046;0,641;;;
-471,000;72,029;0,644;;;
-470,000;72,011;0,646;;;
-469,000;71,993;0,649;;;
-468,000;71,975;0,652;;;
-467,000;71,957;0,654;;;
-466,000;71,939;0,657;;;
-465,000;71,921;0,659;;;
-464,000;71,903;0,662;;;
-463,000;71,884;0,665;;;
-462,000;71,866;0,667;;;
-461,000;71,847;0,670;;;
-460,000;71,828;0,672;;;
-459,000;71,810;0,675;;;
-458,000;71,791;0,677;;;
-457,000;71,772;0,680;;;
-456,000;71,753;0,682;;;
-455,000;71,734;0,685;;;
-454,000;71,714;0,687;;;
-453,000;71,695;0,690;;;
-452,000;71,676;0,692;;;
-451,000;71,656;0,695;;;
-450,000;71,637;0,697;;;
-449,000;71,617;0,700;;;
-448,000;71,598;0,702;;;
-447,000;71,578;0,705;;;
-446,000;71,559;0,707;;;
-445,000;71,539;0,709;;;
-444,000;71,519;0,711;;;
-443,000;71,499;0,714;;;
-442,000;71,479;0,716;;;
-441,000;71,459;0,718;;;
-440,000;71,439;0,720;;;
-439,000;71,420;0,723;;;
-438,000;71,399;0,725;;;
-437,000;71,379;0,727;;;
-436,000;71,359;0,729;;;
-435,000;71,339;0,731;;;
-434,000;71,319;0,733;;;
-433,000;71,299;0,735;;;
-432,000;71,279;0,737;;;
-431,000;71,258;0,739;;;
-430,000;71,238;0,741;;;
-429,000;71,218;0,742;;;
-428,000;71,198;0,744;;;
-427,000;71,177;0,746;;;
-426,000;71,157;0,748;;;
-425,000;71,137;0,750;;;
-424,000;71,117;0,751;;;
-423,000;71,096;0,753;;;
-422,000;71,076;0,755;;;
-421,000;71,056;0,756;;;
-420,000;71,035;0,758;;;
-419,000;71,015;0,760;;;
-418,000;70,995;0,761;;;
-417,000;70,974;0,763;;;
-416,000;70,954;0,764;;;
-415,000;70,934;0,766;;;
-414,000;70,914;0,767;;;
-413,000;70,893;0,769;;;
-412,000;70,873;0,770;;;
-411,000;70,853;0,772;;;
-410,000;70,833;0,773;;;
-409,000;70,812;0,774;;;
-408,000;70,792;0,776;;;
-407,000;70,772;0,777;;;
-406,000;70,752;0,778;;;
-405,000;70,732;0,780;;;
-404,000;70,712;0,781;;;
-403,000;70,692;0,782;;;
-402,000;70,672;0,783;;;
-401,000;70,652;0,785;;;
-400,000;70,632;0,786;;;
-399,000;70,612;0,787;;;
-398,000;70,592;0,788;;;
-397,000;70,572;0,789;;;
-396,000;70,552;0,790;;;
-395,000;70,533;0,791;;;
-394,000;70,513;0,792;;;
-393,000;70,493;0,793;;;
-392,000;70,474;0,795;;;
-391,000;70,454;0,796;;;
-390,000;70,434;0,797;;;
-389,000;70,415;0,798;;;
-388,000;70,395;0,799;;;
-387,000;70,376;0,800;;;
-386,000;70,357;0,800;;;
-385,000;70,337;0,801;;;
-384,000;70,318;0,802;;;
-383,000;70,299;0,803;;;
-382,000;70,279;0,804;;;
-381,000;70,260;0,805;;;
-380,000;70,241;0,806;;;
-379,000;70,222;0,807;;;
-378,000;70,203;0,808;;;
-377,000;70,184;0,809;;;
-376,000;70,165;0,810;;;
-375,000;70,146;0,811;;;
-374,000;70,127;0,812;;;
-373,000;70,109;0,812;;;
-372,000;70,090;0,813;;;
-371,000;70,071;0,814;;;
-370,000;70,053;0,815;;;
-369,000;70,034;0,816;;;
-368,000;70,016;0,817;;;
-367,000;69,997;0,818;;;
-366,000;69,979;0,819;;;
-365,000;69,960;0,820;;;
-364,000;69,942;0,821;;;
-363,000;69,924;0,821;;;
-362,000;69,905;0,822;;;
-361,000;69,887;0,823;;;
-360,000;69,869;0,824;;;
-359,000;69,851;0,825;;;
-358,000;69,833;0,826;;;
-357,000;69,815;0,827;;;
-356,000;69,797;0,828;;;
-355,000;69,779;0,829;;;
-354,000;69,761;0,830;;;
-353,000;69,743;0,831;;;
-352,000;69,726;0,832;;;
-351,000;69,708;0,833;;;
-350,000;69,690;0,834;;;
-349,000;69,673;0,835;;;
-348,000;69,655;0,837;;;
-347,000;69,637;0,838;;;
-346,000;69,620;0,839;;;
-345,000;69,602;0,840;;;
-344,000;69,585;0,841;;;
-343,000;69,568;0,842;;;
-342,000;69,550;0,844;;;
-341,000;69,533;0,845;;;
-340,000;69,516;0,846;;;
-339,000;69,498;0,847;;;
-338,000;69,481;0,849;;;
-337,000;69,464;0,850;;;
-336,000;69,447;0,851;;;
-335,000;69,430;0,852;;;
-334,000;69,413;0,854;;;
-333,000;69,396;0,855;;;
-332,000;69,379;0,856;;;
-331,000;69,362;0,858;;;
-330,000;69,345;0,859;;;
-329,000;69,328;0,861;;;
-328,000;69,311;0,862;;;
-327,000;69,294;0,863;;;
-326,000;69,277;0,865;;;
-325,000;69,261;0,866;;;
-324,000;69,244;0,867;;;
-323,000;69,227;0,869;;;
-322,000;69,210;0,870;;;
-321,000;69,194;0,871;;;
-320,000;69,177;0,872;;;
-319,000;69,160;0,874;;;
-318,000;69,144;0,875;;;
-317,000;69,127;0,876;;;
-316,000;69,110;0,877;;;
-315,000;69,094;0,878;;;
-314,000;69,077;0,879;;;
-313,000;69,061;0,880;;;
-312,000;69,044;0,881;;;
-311,000;69,028;0,882;;;
-310,000;69,011;0,883;;;
-309,000;68,995;0,884;;;
-308,000;68,978;0,885;;;
-307,000;68,962;0,886;;;
-306,000;68,945;0,886;;;
-305,000;68,929;0,887;;;
-304,000;68,913;0,888;;;
-303,000;68,896;0,888;;;
-302,000;68,880;0,889;;;
-301,000;68,863;0,889;;;
-300,000;68,847;0,890;;;
-299,000;68,831;0,890;;;
-298,000;68,814;0,890;;;
-297,000;68,798;0,891;;;
-296,000;68,782;0,891;;;
-295,000;68,766;0,891;;;
-294,000;68,749;0,891;;;
-293,000;68,733;0,891;;;
-292,000;68,717;0,892;;;
-291,000;68,701;0,892;;;
-290,000;68,684;0,892;;;
-289,000;68,668;0,892;;;
-288,000;68,652;0,891;;;
-287,000;68,636;0,891;;;
-286,000;68,620;0,891;;;
-285,000;68,604;0,891;;;
-284,000;68,588;0,891;;;
-283,000;68,571;0,891;;;
-282,000;68,555;0,890;;;
-281,000;68,539;0,890;;;
-280,000;68,523;0,890;;;
-279,000;68,507;0,889;;;
-278,000;68,491;0,889;;;
-277,000;68,475;0,888;;;
-276,000;68,459;0,888;;;
-275,000;68,443;0,888;;;
-274,000;68,428;0,887;;;
-273,000;68,412;0,887;;;
-272,000;68,396;0,886;;;
-271,000;68,380;0,886;;;
-270,000;68,364;0,885;;;
-269,000;68,349;0,885;;;
-268,000;68,333;0,884;;;
-267,000;68,317;0,884;;;
-266,000;68,302;0,884;;;
-265,000;68,286;0,883;;;
-264,000;68,270;0,883;;;
-263,000;68,255;0,882;;;
-262,000;68,239;0,882;;;
-261,000;68,224;0,882;;;
-260,000;68,208;0,881;;;
-259,000;68,193;0,881;;;
-258,000;68,178;0,881;;;
-257,000;68,162;0,880;;;
-256,000;68,147;0,880;;;
-255,000;68,132;0,880;;;
-254,000;68,117;0,879;;;
-253,000;68,101;0,879;;;
-252,000;68,086;0,879;;;
-251,000;68,071;0,879;;;
-250,000;68,056;0,878;;;
-249,000;68,041;0,878;;;
-248,000;68,027;0,878;;;
-247,000;68,012;0,878;;;
-246,000;67,997;0,878;;;
-245,000;67,982;0,877;;;
-244,000;67,968;0,877;;;
-243,000;67,953;0,877;;;
-242,000;67,938;0,877;;;
-241,000;67,924;0,877;;;
-240,000;67,909;0,877;;;
-239,000;67,895;0,876;;;
-238,000;67,881;0,876;;;
-237,000;67,867;0,876;;;
-236,000;67,852;0,876;;;
-235,000;67,838;0,876;;;
-234,000;67,824;0,876;;;
-233,000;67,810;0,875;;;
-232,000;67,796;0,875;;;
-231,000;67,783;0,875;;;
-230,000;67,769;0,875;;;
-229,000;67,755;0,875;;;
-228,000;67,741;0,874;;;
-227,000;67,728;0,874;;;
-226,000;67,715;0,874;;;
-225,000;67,701;0,874;;;
-224,000;67,688;0,873;;;
-223,000;67,675;0,873;;;
-222,000;67,662;0,873;;;
-221,000;67,648;0,873;;;
-220,000;67,636;0,872;;;
-219,000;67,623;0,872;;;
-218,000;67,610;0,872;;;
-217,000;67,597;0,871;;;
-216,000;67,585;0,871;;;
-215,000;67,572;0,871;;;
-214,000;67,560;0,870;;;
-213,000;67,547;0,870;;;
-212,000;67,535;0,869;;;
-211,000;67,523;0,869;;;
-210,000;67,511;0,868;;;
-209,000;67,499;0,868;;;
-208,000;67,487;0,867;;;
-207,000;67,475;0,866;;;
-206,000;67,464;0,866;;;
-205,000;67,452;0,865;;;
-204,000;67,441;0,864;;;
-203,000;67,429;0,864;;;
-202,000;67,418;0,863;;;
-201,000;67,407;0,862;;;
-200,000;67,396;0,861;;;
-199,000;67,385;0,860;;;
-198,000;67,375;0,859;;;
-197,000;67,364;0,859;;;
-196,000;67,353;0,858;;;
-195,000;67,343;0,857;;;
-194,000;67,333;0,855;;;
-193,000;67,322;0,854;;;
-192,000;67,312;0,853;;;
-191,000;67,302;0,852;;;
-190,000;67,293;0,851;;;
-189,000;67,283;0,849;;;
-188,000;67,273;0,848;;;
-187,000;67,264;0,847;;;
-186,000;67,255;0,845;;;
-185,000;67,246;0,844;;;
-184,000;67,237;0,842;;;
-183,000;67,228;0,841;;;
-182,000;67,219;0,839;;;
-181,000;67,210;0,837;;;
-180,000;67,202;0,836;;;
-179,000;67,193;0,834;;;
-178,000;67,185;0,832;;;
-177,000;67,177;0,830;;;
-176,000;67,169;0,828;;;
-175,000;67,161;0,826;;;
-174,000;67,154;0,824;;;
-173,000;67,146;0,822;;;
-172,000;67,139;0,820;;;
-171,000;67,132;0,818;;;
-170,000;67,125;0,815;;;
-169,000;67,118;0,813;;;
-168,000;67,111;0,811;;;
-167,000;67,104;0,808;;;
-166,000;67,098;0,806;;;
-165,000;67,092;0,803;;;
-164,000;67,086;0,800;;;
-163,000;67,080;0,798;;;
-162,000;67,074;0,795;;;
-161,000;67,068;0,792;;;
-160,000;67,063;0,789;;;
-159,000;67,057;0,786;;;
-158,000;67,052;0,783;;;
-157,000;67,047;0,780;;;
-156,000;67,043;0,777;;;
-155,000;67,038;0,774;;;
-154,000;67,034;0,770;;;
-153,000;67,029;0,767;;;
-152,000;67,025;0,763;;;
-151,000;67,021;0,760;;;
-150,000;67,018;0,756;;;
-149,000;67,014;0,753;;;
-148,000;67,011;0,749;;;
-147,000;67,007;0,745;;;
-146,000;67,004;0,741;;;
-145,000;67,002;0,737;;;
-144,000;66,999;0,733;;;
-143,000;66,997;0,729;;;
-142,000;66,994;0,725;;;
-141,000;66,992;0,721;;;
-140,000;66,990;0,717;;;
-139,000;66,989;0,712;;;
-138,000;66,987;0,708;;;
-137,000;66,986;0,704;;;
-136,000;66,985;0,699;;;
-135,000;66,984;0,694;;;
-134,000;66,983;0,690;;;
-133,000;66,983;0,685;;;
-132,000;66,983;0,680;;;
-131,000;66,983;0,675;;;
-130,000;66,983;0,670;;;
-129,000;66,983;0,665;;;
-128,000;66,984;0,660;;;
-127,000;66,984;0,655;;;
-126,000;66,985;0,650;;;
-125,000;66,986;0,645;;;
-124,000;66,988;0,640;;;
-123,000;66,989;0,634;;;
-122,000;66,991;0,629;;;
-121,000;66,993;0,623;;;
-120,000;66,995;0,618;;;
-119,000;66,998;0,612;;;
-118,000;67,000;0,606;;;
-117,000;67,003;0,601;;;
-116,000;67,006;0,595;;;
-115,000;67,009;0,589;;;
-114,000;67,013;0,583;;;
-113,000;67,016;0,577;;;
-112,000;67,020;0,571;;;
-111,000;67,024;0,565;;;
-110,000;67,028;0,559;;;
-109,000;67,033;0,553;;;
-108,000;67,037;0,547;;;
-107,000;67,042;0,540;;;
-106,000;67,047;0,534;;;
-105,000;67,052;0,528;;;
-104,000;67,057;0,522;;;
-103,000;67,063;0,516;;;
-102,000;67,068;0,510;;;
-101,000;67,074;0,503;;;
-100,000;67,080;0,497;;;
-99,000;67,086;0,491;;;
-98,000;67,092;0,485;;;
-97,000;67,098;0,479;;;
-96,000;67,105;0,473;;;
-95,000;67,111;0,467;;;
-94,000;67,118;0,462;;;
-93,000;67,124;0,456;;;
-92,000;67,131;0,451;;;
-91,000;67,138;0,445;;;
-90,000;67,145;0,440;;;
-89,000;67,152;0,435;;;
-88,000;67,158;0,429;;;
-87,000;67,165;0,424;;;
-86,000;67,172;0,420;;;
-85,000;67,179;0,415;;;
-84,000;67,187;0,410;;;
-83,000;67,194;0,406;;;
-82,000;67,201;0,402;;;
-81,000;67,208;0,398;;;
-80,000;67,215;0,394;;;
-79,000;67,222;0,390;;;
-78,000;67,228;0,386;;;
-77,000;67,235;0,383;;;
-76,000;67,242;0,379;;;
-75,000;67,249;0,376;;;
-74,000;67,255;0,373;;;
-73,000;67,262;0,370;;;
-72,000;67,268;0,367;;;
-71,000;67,274;0,365;;;
-70,000;67,280;0,362;;;
-69,000;67,286;0,360;;;
-68,000;67,292;0,358;;;
-67,000;67,298;0,355;;;
-66,000;67,303;0,353;;;
-65,000;67,308;0,351;;;
-64,000;67,313;0,350;;;
-63,000;67,318;0,348;;;
-62,000;67,323;0,346;;;
-61,000;67,327;0,345;;;
-60,000;67,331;0,343;;;
-59,000;67,335;0,342;;;
-58,000;67,338;0,341;;;
-57,000;67,341;0,340;;;
-56,000;67,344;0,338;;;
-55,000;67,346;0,337;;;
-54,000;67,348;0,336;;;
-53,000;67,350;0,336;;;
-52,000;67,351;0,335;;;
-51,000;67,352;0,334;;;
-50,000;67,352;0,333;;;
-49,000;67,352;0,332;;;
-48,000;67,352;0,332;;;
-47,000;67,351;0,331;;;
-46,000;67,350;0,331;;;
-45,000;67,348;0,330;;;
-44,000;67,345;0,329;;;
-43,000;67,342;0,329;;;
-42,000;67,339;0,328;;;
-41,000;67,335;0,328;;;
-40,000;67,330;0,327;;;
-39,000;67,325;0,326;;;
-38,000;67,319;0,326;;;
-37,000;67,313;0,325;;;
-36,000;67,306;0,324;;;
-35,000;67,299;0,324;;;
-34,000;67,291;0,323;;;
-33,000;67,282;0,322;;;
-32,000;67,272;0,321;;;
-31,000;67,262;0,320;;;
-30,000;67,252;0,320;;;
-29,000;67,240;0,319;;;
-28,000;67,228;0,318;;;
-27,000;67,215;0,317;;;
-26,000;67,202;0,316;;;
-25,000;67,188;0,315;;;
-24,000;67,173;0,314;;;
-23,000;67,158;0,313;;;
-22,000;67,142;0,312;;;
-21,000;67,125;0,311;;;
-20,000;67,108;0,310;;;
-19,000;67,090;0,309;;;
-18,000;67,071;0,307;;;
-17,000;67,052;0,306;;;
-16,000;67,032;0,305;;;
-15,000;67,011;0,303;;;
-14,000;66,990;0,302;;;
-13,000;66,968;0,301;;;
-12,000;66,945;0,299;;;
-11,000;66,922;0,297;;;
-10,000;66,898;0,296;;;
-9,000;66,873;0,294;;;
-8,000;66,848;0,292;;;
-7,000;66,823;0,291;;;
-6,000;66,796;0,289;;;
-5,000;66,769;0,287;;;
-4,000;66,742;0,285;;;
-3,000;66,714;0,283;;;
-2,000;66,685;0,281;;;
-1,000;66,656;0,279;;;
0,000;66,626;0,277;;;
1,000;66,596;0,275;;;
2,000;66,565;0,273;;;
3,000;66,534;0,271;;;
4,000;66,502;0,269;;;
5,000;66,470;0,266;;;
6,000;66,437;0,264;;;
7,000;66,403;0,262;;;
8,000;66,370;0,260;;;
9,000;66,335;0,258;;;
10,000;66,301;0,255;;;
11,000;66,265;0,253;;;
12,000;66,230;0,251;;;
13,000;66,193;0,248;;;
14,000;66,157;0,246;;;
15,000;66,120;0,244;;;
16,000;66,083;0,242;;;
17,000;66,045;0,239;;;
18,000;66,007;0,237;;;
19,000;65,968;0,235;;;
20,000;65,929;0,233;;;
21,000;65,890;0,231;;;
22,000;65,850;0,229;;;
23,000;65,810;0,227;;;
24,000;65,769;0,225;;;
25,000;65,729;0,223;;;
26,000;65,687;0,221;;;
27,000;65,646;0,219;;;
28,000;65,604;0,217;;;
29,000;65,562;0,215;;;
30,000;65,519;0,214;;;
31,000;65,477;0,212;;;
32,000;65,433;0,211;;;
33,000;65,390;0,209;;;
34,000;65,346;0,208;;;
35,000;65,302;0,207;;;
36,000;65,258;0,206;;;
37,000;65,213;0,205;;;
38,000;65,168;0,204;;;
39,000;65,123;0,203;;;
40,000;65,078;0,202;;;
41,000;65,032;0,202;;;
42,000;64,986;0,201;;;
43,000;64,940;0,201;;;
44,000;64,894;0,200;;;
45,000;64,847;0,200;;;
46,000;64,800;0,200;;;
47,000;64,753;0,200;;;
48,000;64,706;0,200;;;
49,000;64,658;0,200;;;
50,000;64,611;0,200;;;
51,000;64,563;0,200;;;
52,000;64,515;0,200;;;
53,000;64,468;0,201;;;
54,000;64,420;0,201;;;
55,000;64,372;0,201;;;
56,000;64,324;0,202;;;
57,000;64,275;0,202;;;
58,000;64,227;0,202;;;
59,000;64,179;0,203;;;
60,000;64,131;0,203;;;
61,000;64,083;0,203;;;
62,000;64,036;0,204;;;
63,000;63,988;0,204;;;
64,000;63,940;0,204;;;
65,000;63,893;0,205;;;
66,000;63,845;0,205;;;
67,000;63,798;0,206;;;
68,000;63,752;0,206;;;
69,000;63,705;0,206;;;
70,000;63,659;0,206;;;
71,000;63,613;0,207;;;
72,000;63,567;0,207;;;
73,000;63,521;0,207;;;
74,000;63,476;0,208;;;
75,000;63,432;0,208;;;
76,000;63,387;0,209;;;
77,000;63,343;0,209;;;
78,000;63,300;0,209;;;
79,000;63,256;0,210;;;
80,000;63,214;0,211;;;
81,000;63,171;0,211;;;
82,000;63,129;0,212;;;
83,000;63,087;0,213;;;
84,000;63,046;0,214;;;
85,000;63,005;0,214;;;
86,000;62,965;0,216;;;
87,000;62,924;0,217;;;
88,000;62,884;0,218;;;
89,000;62,845;0,219;;;
90,000;62,806;0,221;;;
91,000;62,767;0,222;;;
92,000;62,728;0,224;;;
93,000;62,690;0,225;;;
94,000;62,652;0,227;;;
95,000;62,614;0,229;;;
96,000;62,577;0,231;;;
97,000;62,540;0,233;;;
98,000;62,503;0,235;;;
99,000;62,466;0,237;;;
100,000;62,430;0,239;;;
101,000;62,393;0,241;;;
102,000;62,357;0,243;;;
103,000;62,321;0,245;;;
104,000;62,285;0,247;;;
105,000;62,250;0,249;;;
106,000;62,214;0,252;;;
107,000;62,179;0,254;;;
108,000;62,144;0,256;;;
109,000;62,109;0,258;;;
110,000;62,074;0,260;;;
111,000;62,040;0,262;;;
112,000;62,005;0,265;;;
113,000;61,971;0,267;;;
114,000;61,937;0,269;;;
115,000;61,903;0,270;;;
116,000;61,869;0,272;;;
117,000;61,835;0,274;;;
118,000;61,801;0,276;;;
119,000;61,768;0,278;;;
120,000;61,735;0,279;;;
121,000;61,701;0,281;;;
122,000;61,668;0,282;;;
123,000;61,635;0,284;;;
124,000;61,602;0,285;;;
125,000;61,570;0,286;;;
126,000;61,537;0,287;;;
127,000;61,505;0,288;;;
128,000;61,473;0,289;;;
129,000;61,440;0,290;;;
130,000;61,408;0,291;;;
131,000;61,376;0,291;;;
132,000;61,345;0,292;;;
133,000;61,313;0,292;;;
134,000;61,282;0,293;;;
135,000;61,250;0,293;;;
136,000;61,219;0,293;;;
137,000;61,188;0,293;;;
138,000;61,157;0,293;;;
139,000;61,126;0,293;;;
140,000;61,095;0,293;;;
141,000;61,065;0,292;;;
142,000;61,034;0,292;;;
143,000;61,004;0,291;;;
144,000;60,973;0,291;;;
145,000;60,943;0,290;;;
146,000;60,913;0,289;;;
147,000;60,883;0,288;;;
148,000;60,854;0,287;;;
149,000;60,824;0,286;;;
150,000;60,795;0,284;;;
151,000;60,765;0,283;;;
152,000;60,736;0,281;;;
153,000;60,707;0,280;;;
154,000;60,678;0,278;;;
155,000;60,649;0,276;;;
156,000;60,621;0,274;;;
157,000;60,592;0,272;;;
158,000;60,564;0,270;;;
159,000;60,536;0,268;;;
160,000;60,508;0,266;;;
161,000;60,480;0,264;;;
162,000;60,453;0,262;;;
163,000;60,426;0,259;;;
164,000;60,398;0,257;;;
165,000;60,372;0,255;;;
166,000;60,345;0,253;;;
167,000;60,319;0,250;;;
168,000;60,293;0,248;;;
169,000;60,267;0,246;;;
170,000;60,241;0,244;;;
171,000;60,216;0,241;;;
172,000;60,191;0,239;;;
173,000;60,167;0,237;;;
174,000;60,143;0,235;;;
175,000;60,119;0,234;;;
176,000;60,095;0,232;;;
177,000;60,073;0,230;;;
178,000;60,050;0,229;;;
179,000;60,028;0,227;;;
180,000;60,006;0,226;;;
181,000;59,985;0,225;;;
182,000;59,964;0,224;;;
183,000;59,944;0,223;;;
184,000;59,925;0,222;;;
185,000;59,906;0,222;;;
186,000;59,887;0,222;;;
187,000;59,869;0,221;;;
188,000;59,852;0,221;;;
189,000;59,835;0,221;;;
190,000;59,819;0,222;;;
191,000;59,804;0,222;;;
192,000;59,789;0,223;;;
193,000;59,775;0,223;;;
194,000;59,762;0,224;;;
195,000;59,749;0,225;;;
196,000;59,737;0,226;;;
197,000;59,726;0,227;;;
198,000;59,715;0,228;;;
199,000;59,706;0,230;;;
200,000;59,697;0,231;;;
201,000;59,689;0,233;;;
202,000;59,681;0,234;;;
203,000;59,675;0,236;;;
204,000;59,669;0,238;;;
205,000;59,664;0,240;;;
206,000;59,660;0,241;;;
207,000;59,657;0,243;;;
208,000;59,654;0,245;;;
209,000;59,652;0,247;;;
210,000;59,652;0,249;;;
211,000;59,651;0,251;;;
212,000;59,652;0,253;;;
213,000;59,654;0,255;;;
214,000;59,656;0,257;;;
215,000;59,659;0,259;;;
216,000;59,663;0,261;;;
217,000;59,668;0,263;;;
218,000;59,674;0,265;;;
219,000;59,680;0,267;;;
220,000;59,687;0,269;;;
221,000;59,695;0,271;;;
222,000;59,703;0,273;;;
223,000;59,713;0,274;;;
224,000;59,723;0,276;;;
225,000;59,734;0,277;;;
226,000;59,745;0,279;;;
227,000;59,757;0,280;;;
228,000;59,770;0,282;;;
229,000;59,784;0,283;;;
230,000;59,798;0,284;;;
231,000;59,813;0,286;;;
232,000;59,829;0,287;;;
233,000;59,845;0,288;;;
234,000;59,861;0,289;;;
235,000;59,879;0,289;;;
236,000;59,896;0,290;;;
237,000;59,915;0,291;;;
238,000;59,934;0,291;;;
239,000;59,953;0,292;;;
240,000;59,973;0,292;;;
241,000;59,994;0,293;;;
242,000;60,014;0,293;;;
243,000;60,036;0,293;;;
244,000;60,057;0,293;;;
245,000;60,079;0,293;;;
246,000;60,102;0,293;;;
247,000;60,125;0,293;;;
248,000;60,148;0,293;;;
249,000;60,171;0,293;;;
250,000;60,195;0,292;;;
251,000;60,219;0,292;;;
252,000;60,243;0,291;;;
253,000;60,268;0,291;;;
254,000;60,292;0,290;;;
255,000;60,317;0,290;;;
256,000;60,342;0,289;;;
257,000;60,367;0,288;;;
258,000;60,393;0,287;;;
259,000;60,418;0,286;;;
260,000;60,444;0,285;;;
261,000;60,469;0,284;;;
262,000;60,495;0,283;;;
263,000;60,521;0,282;;;
264,000;60,547;0,281;;;
265,000;60,572;0,280;;;
266,000;60,598;0,279;;;
267,000;60,624;0,278;;;
268,000;60,650;0,277;;;
269,000;60,675;0,276;;;
270,000;60,701;0,275;;;
271,000;60,727;0,274;;;
272,000;60,752;0,273;;;
273,000;60,778;0,272;;;
274,000;60,803;0,271;;;
275,000;60,828;0,270;;;
276,000;60,853;0,269;;;
277,000;60,878;0,269;;;
278,000;60,903;0,268;;;
279,000;60,928;0,268;;;
280,000;60,953;0,267;;;
281,000;60,977;0,267;;;
282,000;61,001;0,267;;;
283,000;61,025;0,267;;;
284,000;61,049;0,267;;;
285,000;61,073;0,267;;;
286,000;61,096;0,267;;;
287,000;61,120;0,267;;;
288,000;61,143;0,268;;;
289,000;61,166;0,268;;;
290,000;61,189;0,269;;;
291,000;61,211;0,270;;;
292,000;61,234;0,271;;;
293,000;61,256;0,272;;;
294,000;61,278;0,273;;;
295,000;61,300;0,274;;;
296,000;61,322;0,275;;;
297,000;61,343;0,277;;;
298,000;61,365;0,278;;;
299,000;61,386;0,279;;;
300,000;61,407;0,281;;;
301,000;61,428;0,283;;;
302,000;61,448;0,284;;;
303,000;61,469;0,286;;;
304,000;61,489;0,288;;;
305,000;61,509;0,290;;;
306,000;61,529;0,292;;;
307,000;61,549;0,294;;;
308,000;61,569;0,296;;;
309,000;61,588;0,298;;;
310,000;61,608;0,300;;;
311,000;61,627;0,302;;;
312,000;61,646;0,304;;;
313,000;61,665;0,306;;;
314,000;61,684;0,308;;;
315,000;61,703;0,311;;;
316,000;61,721;0,313;;;
317,000;61,740;0,315;;;
318,000;61,758;0,317;;;
319,000;61,776;0,319;;;
320,000;61,794;0,321;;;
321,000;61,812;0,323;;;
322,000;61,830;0,326;;;
323,000;61,848;0,328;;;
324,000;61,866;0,330;;;
325,000;61,883;0,332;;;
326,000;61,901;0,334;;;
327,000;61,918;0,336;;;
328,000;61,935;0,338;;;
329,000;61,952;0,340;;;
330,000;61,969;0,342;;;
331,000;61,986;0,344;;;
332,000;62,003;0,346;;;
333,000;62,020;0,348;;;
334,000;62,036;0,350;;;
335,000;62,053;0,352;;;
336,000;62,069;0,354;;;
337,000;62,086;0,356;;;
338,000;62,102;0,358;;;
339,000;62,118;0,359;;;
340,000;62,134;0,361;;;
341,000;62,150;0,363;;;
342,000;62,165;0,365;;;
343,000;62,181;0,366;;;
344,000;62,197;0,368;;;
345,000;62,212;0,369;;;
346,000;62,228;0,371;;;
347,000;62,243;0,372;;;
348,000;62,258;0,374;;;
349,000;62,273;0,375;;;
350,000;62,288;0,376;;;
351,000;62,303;0,377;;;
352,000;62,318;0,379;;;
353,000;62,332;0,380;;;
354,000;62,347;0,381;;;
355,000;62,362;0,381;;;
356,000;62,376;0,382;;;
357,000;62,390;0,383;;;
358,000;62,405;0,384;;;
359,000;62,419;0,385;;;
360,000;62,433;0,385;;;
361,000;62,447;0,386;;;
362,000;62,461;0,386;;;
363,000;62,475;0,387;;;
364,000;62,489;0,387;;;
365,000;62,503;0,388;;;
366,000;62,516;0,388;;;
367,000;62,530;0,389;;;
368,000;62,544;0,389;;;
369,000;62,557;0,390;;;
370,000;62,570;0,390;;;
371,000;62,584;0,390;;;
372,000;62,597;0,391;;;
373,000;62,610;0,391;;;
374,000;62,624;0,391;;;
375,000;62,637;0,391;;;
376,000;62,650;0,392;;;
377,000;62,663;0,392;;;
378,000;62,676;0,392;;;
379,000;62,689;0,392;;;
380,000;62,702;0,393;;;
381,000;62,714;0,393;;;
382,000;62,727;0,393;;;
383,000;62,740;0,393;;;
384,000;62,753;0,393;;;
385,000;62,765;0,394;;;
386,000;62,778;0,394;;;
387,000;62,790;0,394;;;
388,000;62,803;0,394;;;
389,000;62,815;0,394;;;
390,000;62,828;0,394;;;
391,000;62,840;0,395;;;
392,000;62,852;0,395;;;
393,000;62,865;0,395;;;
394,000;62,877;0,395;;;
395,000;62,889;0,395;;;
396,000;62,901;0,396;;;
397,000;62,913;0,396;;;
398,000;62,926;0,396;;;
399,000;62,938;0,397;;;
400,000;62,950;0,397;;;
401,000;62,962;0,397;;;
402,000;62,974;0,398;;;
403,000;62,986;0,398;;;
404,000;62,998;0,399;;;
405,000;63,010;0,399;;;
406,000;63,022;0,400;;;
407,000;63,034;0,401;;;
408,000;63,046;0,402;;;
409,000;63,058;0,402;;;
410,000;63,070;0,403;;;
411,000;63,082;0,404;;;
412,000;63,095;0,405;;;
413,000;63,107;0,407;;;
414,000;63,119;0,408;;;
415,000;63,132;0,409;;;
416,000;63,144;0,410;;;
417,000;63,157;0,412;;;
418,000;63,170;0,413;;;
419,000;63,183;0,415;;;
420,000;63,196;0,417;;;
421,000;63,209;0,419;;;
422,000;63,222;0,420;;;
423,000;63,235;0,422;;;
424,000;63,249;0,424;;;
425,000;63,263;0,426;;;
426,000;63,277;0,429;;;
427,000;63,291;0,431;;;
428,000;63,305;0,433;;;
429,000;63,320;0,436;;;
430,000;63,334;0,438;;;
431,000;63,349;0,440;;;
432,000;63,365;0,443;;;
433,000;63,380;0,446;;;
434,000;63,396;0,448;;;
435,000;63,412;0,451;;;
436,000;63,428;0,454;;;
437,000;63,444;0,457;;;
438,000;63,461;0,460;;;
439,000;63,478;0,463;;;
440,000;63,495;0,466;;;
441,000;63,513;0,469;;;
442,000;63,531;0,472;;;
443,000;63,549;0,475;;;
444,000;63,568;0,478;;;
445,000;63,586;0,481;;;
446,000;63,606;0,484;;;
447,000;63,625;0,488;;;
448,000;63,645;0,491;;;
449,000;63,665;0,494;;;
450,000;63,686;0,497;;;
451,000;63,706;0,500;;;
452,000;63,728;0,504;;;
453,000;63,749;0,507;;;
454,000;63,771;0,510;;;
455,000;63,794;0,513;;;
456,000;63,816;0,516;;;
457,000;63,839;0,520;;;
458,000;63,863;0,523;;;
459,000;63,886;0,526;;;
460,000;63,910;0,529;;;
461,000;63,935;0,532;;;
462,000;63,960;0,535;;;
463,000;63,985;0,538;;;
464,000;64,011;0,541;;;
465,000;64,037;0,544;;;
466,000;64,063;0,546;;;
467,000;64,090;0,549;;;
468,000;64,117;0,552;;;
469,000;64,144;0,555;;;
470,000;64,172;0,557;;;
471,000;64,200;0,560;;;
472,000;64,228;0,562;;;
473,000;64,257;0,565;;;
474,000;64,286;0,567;;;
475,000;64,315;0,570;;;
476,000;64,345;0,572;;;
477,000;64,375;0,574;;;
478,000;64,406;0,576;;;
479,000;64,436;0,579;;;
480,000;64,467;0,581;;;
481,000;64,498;0,583;;;
482,000;64,530;0,585;;;
483,000;64,562;0,586;;;
484,000;64,594;0,588;;;
485,000;64,626;0,590;;;
486,000;64,659;0,592;;;
487,000;64,692;0,593;;;
488,000;64,725;0,595;;;
489,000;64,758;0,596;;;
490,000;64,792;0,598;;;
491,000;64,826;0,599;;;
492,000;64,860;0,600;;;
493,000;64,894;0,602;;;
494,000;64,929;0,603;;;
495,000;64,963;0,604;;;
496,000;64,998;0,605;;;
497,000;65,033;0,606;;;
498,000;65,068;0,607;;;
499,000;65,104;0,608;;;
500,000;65,139;0,609;;;
501,000;65,175;0,609;;;
502,000;65,211;0,610;;;
503,000;65,247;0,611;;;
504,000;65,283;0,611;;;
505,000;65,319;0,612;;;
506,000;65,355;0,612;;;
507,000;65,392;0,613;;;
508,000;65,428;0,613;;;
509,000;65,465;0,613;;;
510,000;65,501;0,614;;;
511,000;65,538;0,614;;;
512,000;65,575;0,614;;;
513,000;65,612;0,614;;;
514,000;65,648;0,614;;;
515,000;65,685;0,614;;;
516,000;65,722;0,614;;;
517,000;65,759;0,614;;;
518,000;65,796;0,614;;;
519,000;65,833;0,614;;;
520,000;65,870;0,614;;;
521,000;65,907;0,614;;;
522,000;65,944;0,614;;;
523,000;65,981;0,614;;;
524,000;66,018;0,613;;;
525,000;66,055;0,613;;;
526,000;66,092;0,613;;;
527,000;66,129;0,613;;;
528,000;66,166;0,612;;;
529,000;66,203;0,612;;;
530,000;66,240;0,612;;;
531,000;66,276;0,611;;;
532,000;66,313;0,611;;;
533,000;66,350;0,610;;;
534,000;66,386;0,610;;;
535,000;66,423;0,610;;;
536,000;66,459;0,609;;;
537,000;66,496;0,609;;;
538,000;66,532;0,608;;;
539,000;66,568;0,608;;;
540,000;66,604;0,608;;;
541,000;66,640;0,607;;;
542,000;66,676;0,607;;;
543,000;66,712;0,606;;;
544,000;66,748;0,606;;;
545,000;66,783;0,605;;;
546,000;66,819;0,605;;;
547,000;66,854;0,604;;;
548,000;66,890;0,604;;;
549,000;66,925;0,604;;;
550,000;66,960;0,603;;;
551,000;66,995;0,603;;;
552,000;67,030;0,602;;;
553,000;67,065;0,602;;;
554,000;67,099;0,602;;;
555,000;67,134;0,601;;;
556,000;67,169;0,601;;;
557,000;67,203;0,601;;;
558,000;67,237;0,600;;;
559,000;67,271;0,600;;;
560,000;67,306;0,600;;;
561,000;67,339;0,599;;;
562,000;67,373;0,599;;;
563,000;67,407;0,598;;;
564,000;67,441;0,598;;;
565,000;67,474;0,598;;;
566,000;67,508;0,597;;;
567,000;67,541;0,597;;;
568,000;67,574;0,597;;;
569,000;67,607;0,596;;;
570,000;67,640;0,596;;;
571,000;67,673;0,596;;;
572,000;67,706;0,595;;;
573,000;67,738;0,595;;;
574,000;67,771;0,594;;;
575,000;67,803;0,594;;;
576,000;67,835;0,594;;;
577,000;67,867;0,593;;;
578,000;67,899;0,593;;;
579,000;67,931;0,592;;;
580,000;67,963;0,592;;;
581,000;67,994;0,591;;;
582,000;68,026;0,591;;;
583,000;68,057;0,590;;;
584,000;68,089;0,589;;;
585,000;68,120;0,589;;;
586,000;68,151;0,588;;;
587,000;68,182;0,587;;;
588,000;68,212;0,587;;;
589,000;68,243;0,586;;;
590,000;68,273;0,585;;;
591,000;68,304;0,584;;;
592,000;68,334;0,583;;;
593,000;68,364;0,582;;;
594,000;68,394;0,581;;;
595,000;68,424;0,580;;;
596,000;68,453;0,579;;;
597,000;68,483;0,578;;;
598,000;68,512;0,577;;;
599,000;68,541;0,575;;;
600,000;68,570;0,574;;;
601,000;68,599;0,573;;;
602,000;68,628;0,571;;;
603,000;68,657;0,570;;;
604,000;68,685;0,568;;;
605,000;68,714;0,566;;;
606,000;68,742;0,564;;;
607,000;68,770;0,563;;;
608,000;68,798;0,561;;;
609,000;68,825;0,559;;;
610,000;68,853;0,556;;;
611,000;68,880;0,554;;;
612,000;68,908;0,552;;;
613,000;68,935;0,550;;;
614,000;68,962;0,547;;;
615,000;68,989;0,545;;;
616,000;69,015;0,542;;;
617,000;69,042;0,539;;;
618,000;69,068;0,536;;;
619,000;69,094;0,533;;;
620,000;69,120;0,530;;;
621,000;69,146;0,527;;;
622,000;69,172;0,524;;;
623,000;69,197;0,521;;;
624,000;69,222;0,518;;;
625,000;69,248;0,514;;;
626,000;69,273;0,511;;;
627,000;69,297;0,507;;;
628,000;69,322;0,503;;;
629,000;69,347;0,500;;;
630,000;69,371;0,496;;;
631,000;69,395;0,492;;;
632,000;69,419;0,488;;;
633,000;69,443;0,484;;;
634,000;69,467;0,480;;;
635,000;69,491;0,476;;;
636,000;69,514;0,472;;;
637,000;69,538;0,468;;;
638,000;69,561;0,463;;;
639,000;69,584;0,459;;;
640,000;69,607;0,455;;;
641,000;69,630;0,450;;;
642,000;69,653;0,446;;;
643,000;69,675;0,441;;;
644,000;69,698;0,437;;;
645,000;69,720;0,432;;;
646,000;69,743;0,428;;;
647,000;69,765;0,423;;;
648,000;69,787;0,419;;;
649,000;69,809;0,414;;;
650,000;69,831;0,410;;;
651,000;69,853;0,406;;;
652,000;69,875;0,401;;;
653,000;69,897;0,397;;;
654,000;69,919;0,393;;;
655,000;69,941;0,389;;;
656,000;69,963;0,385;;;
657,000;69,984;0,381;;;
658,000;70,006;0,377;;;
659,000;70,028;0,374;;;
660,000;70,050;0,370;;;
661,000;70,071;0,367;;;
662,000;70,093;0,364;;;
663,000;70,115;0,361;;;
664,000;70,137;0,358;;;
665,000;70,159;0,356;;;
666,000;70,181;0,353;;;
667,000;70,203;0,351;;;
668,000;70,225;0,349;;;
669,000;70,247;0,348;;;
670,000;70,269;0,346;;;
671,000;70,291;0,345;;;
672,000;70,313;0,344;;;
673,000;70,336;0,344;;;
674,000;70,358;0,343;;;
675,000;70,380;0,343;;;
676,000;70,403;0,343;;;
677,000;70,425;0,343;;;
678,000;70,448;0,344;;;
679,000;70,471;0,345;;;
680,000;70,493;0,345;;;
681,000;70,516;0,347;;;
682,000;70,539;0,348;;;
683,000;70,562;0,350;;;
684,000;70,584;0,351;;;
685,000;70,607;0,353;;;
686,000;70,630;0,355;;;
687,000;70,653;0,358;;;
688,000;70,676;0,360;;;
689,000;70,699;0,363;;;
690,000;70,722;0,365;;;
691,000;70,745;0,368;;;
692,000;70,769;0,371;;;
693,000;70,792;0,374;;;
694,000;70,815;0,377;;;
695,000;70,838;0,380;;;
696,000;70,861;0,384;;;
697,000;70,884;0,387;;;
698,000;70,907;0,390;;;
699,000;70,930;0,394;;;
700,000;70,953;0,397;;;
701,000;70,976;0,401;;;
702,000;70,998;0,404;;;
703,000;71,021;0,407;;;
704,000;71,044;0,411;;;
705,000;71,066;0,414;;;
706,000;71,089;0,418;;;
707,000;71,111;0,421;;;
708,000;71,134;0,425;;;
709,000;71,156;0,428;;;
710,000;71,178;0,432;;;
711,000;71,200;0,435;;;
712,000;71,222;0,438;;;
713,000;71,244;0,441;;;
714,000;71,266;0,445;;;
715,000;71,287;0,448;;;
716,000;71,309;0,451;;;
717,000;71,330;0,454;;;
718,000;71,351;0,457;;;
719,000;71,372;0,460;;;
720,000;71,393;0,463;;;
721,000;71,414;0,466;;;
722,000;71,434;0,468;;;
723,000;71,455;0,471;;;
724,000;71,475;0,474;;;
725,000;71,495;0,476;;;
726,000;71,515;0,479;;;
727,000;71,535;0,481;;;
728,000;71,554;0,484;;;
729,000;71,573;0,486;;;
730,000;71,593;0,488;;;
731,000;71,612;0,491;;;
732,000;71,630;0,493;;;
733,000;71,649;0,495;;;
734,000;71,667;0,497;;;
735,000;71,685;0,499;;;
736,000;71,703;0,501;;;
737,000;71,721;0,504;;;
738,000;71,739;0,506;;;
739,000;71,756;0,508;;;
740,000;71,773;0,510;;;
741,000;71,790;0,512;;;
742,000;71,807;0,513;;;
743,000;71,823;0,515;;;
744,000;71,839;0,517;;;
745,000;71,855;0,519;;;
746,000;71,871;0,521;;;
747,000;71,886;0,523;;;
748,000;71,901;0,525;;;
749,000;71,916;0,526;;;
750,000;71,931;0,528;;;
751,000;71,945;0,530;;;
752,000;71,959;0,532;;;
753,000;71,973;0,534;;;
754,000;71,986;0,535;;;
755,000;72,000;0,537;;;
756,000;72,013;0,539;;;
757,000;72,025;0,540;;;
758,000;72,037;0,542;;;
759,000;72,049;0,544;;;
760,000;72,061;0,546;;;
761,000;72,073;0,547;;;
762,000;72,084;0,549;;;
763,000;72,094;0,550;;;
764,000;72,105;0,552;;;
765,000;72,115;0,554;;;
766,000;72,124;0,555;;;
767,000;72,134;0,557;;;
768,000;72,143;0,559;;;
769,000;72,151;0,560;;;
770,000;72,160;0,562;;;
771,000;72,167;0,563;;;
772,000;72,175;0,565;;;
773,000;72,182;0,567;;;
774,000;72,189;0,568;;;
775,000;72,195;0,570;;;
776,000;72,201;0,571;;;
777,000;72,206;0,573;;;
778,000;72,212;0,574;;;
779,000;72,216;0,576;;;
780,000;72,220;0,577;;;
781,000;72,224;0,579;;;
782,000;72,228;0,580;;;
783,000;72,230;0,582;;;
784,000;72,233;0,583;;;
785,000;72,235;0,585;;;
786,000;72,236;0,586;;;
787,000;72,238;0,588;;;
788,000;72,238;0,589;;;
789,000;72,238;0,591;;;
790,000;72,238;0,592;;;
791,000;72,237;0,594;;;
792,000;72,236;0,595;;;
793,000;72,234;0,597;;;
794,000;72,231;0,598;;;
795,000;72,228;0,599;;;
796,000;72,225;0,601;;;
797,000;72,221;0,602;;;
798,000;72,216;0,603;;;
799,000;72,211;0,605;;;
800,000;72,206;0,606;;;
801,000;72,200;0,607;;;
802,000;72,193;0,608;;;
803,000;72,186;0,610;;;
804,000;72,178;0,611;;;
805,000;72,170;0,612;;;
806,000;72,161;0,613;;;
807,000;72,151;0,614;;;
808,000;72,141;0,615;;;
809,000;72,130;0,615;;;
810,000;72,119;0,616;;;
811,000;72,107;0,617;;;
812,000;72,095;0,618;;;
813,000;72,082;0,619;;;
814,000;72,068;0,619;;;
815,000;72,054;0,620;;;
816,000;72,039;0,620;;;
817,000;72,024;0,621;;;
818,000;72,008;0,621;;;
819,000;71,991;0,622;;;
820,000;71,974;0,622;;;
821,000;71,956;0,623;;;
822,000;71,937;0,623;;;
823,000;71,918;0,623;;;
824,000;71,899;0,624;;;
825,000;71,879;0,624;;;
826,000;71,858;0,624;;;
827,000;71,836;0,624;;;
828,000;71,814;0,625;;;
829,000;71,792;0,625;;;
830,000;71,768;0,625;;;
831,000;71,745;0,625;;;
832,000;71,720;0,625;;;
833,000;71,695;0,625;;;
834,000;71,670;0,625;;;
835,000;71,643;0,625;;;
836,000;71,617;0,626;;;
837,000;71,589;0,626;;;
838,000;71,561;0,626;;;
839,000;71,533;0,626;;;
840,000;71,504;0,626;;;
841,000;71,474;0,626;;;
842,000;71,444;0,626;;;
843,000;71,413;0,626;;;
844,000;71,382;0,626;;;
845,000;71,350;0,626;;;
846,000;71,318;0,626;;;
847,000;71,285;0,626;;;
848,000;71,251;0,626;;;
849,000;71,217;0,626;;;
850,000;71,183;0,626;;;
851,000;71,148;0,625;;;
852,000;71,112;0,625;;;
853,000;71,076;0,625;;;
854,000;71,039;0,625;;;
855,000;71,002;0,625;;;
856,000;70,964;0,625;;;
857,000;70,926;0,625;;;
858,000;70,888;0,625;;;
859,000;70,849;0,625;;;
860,000;70,809;0,624;;;
861,000;70,769;0,624;;;
862,000;70,728;0,624;;;
863,000;70,687;0,624;;;
864,000;70,646;0,624;;;
865,000;70,604;0,623;;;
866,000;70,562;0,623;;;
867,000;70,519;0,623;;;
868,000;70,476;0,622;;;
869,000;70,432;0,622;;;
870,000;70,388;0,622;;;
871,000;70,344;0,621;;;
872,000;70,299;0,621;;;
873,000;70,254;0,621;;;
874,000;70,208;0,620;;;
875,000;70,162;0,620;;;
876,000;70,116;0,619;;;
877,000;70,069;0,619;;;
878,000;70,022;0,618;;;
879,000;69,975;0,617;;;
880,000;69,927;0,617;;;
881,000;69,879;0,616;;;
882,000;69,831;0,615;;;
883,000;69,782;0,615;;;
884,000;69,733;0,614;;;
885,000;69,684;0,613;;;
886,000;69,634;0,612;;;
887,000;69,584;0,611;;;
888,000;69,534;0,611;;;
889,000;69,484;0,610;;;
890,000;69,433;0,609;;;
891,000;69,382;0,608;;;
892,000;69,331;0,607;;;
893,000;69,280;0,606;;;
894,000;69,228;0,605;;;
895,000;69,176;0,603;;;
896,000;69,124;0,602;;;
897,000;69,072;0,601;;;
898,000;69,019;0,600;;;
899,000;68,967;0,599;;;
900,000;68,914;0,597;;;
901,000;68,861;0,596;;;
902,000;68,808;0,595;;;
903,000;68,754;0,593;;;
904,000;68,701;0,592;;;
905,000;68,648;0,590;;;
906,000;68,594;0,589;;;
907,000;68,540;0,587;;;
908,000;68,486;0,586;;;
909,000;68,432;0,584;;;
910,000;68,378;0,582;;;
911,000;68,324;0,581;;;
912,000;68,270;0,579;;;
913,000;68,216;0,577;;;
914,000;68,162;0,575;;;
915,000;68,107;0,573;;;
916,000;68,053;0,571;;;
917,000;67,999;0,569;;;
918,000;67,945;0,567;;;
919,000;67,890;0,565;;;
920,000;67,836;0,563;;;
921,000;67,782;0,560;;;
922,000;67,728;0,558;;;
923,000;67,674;0,555;;;
924,000;67,620;0,553;;;
925,000;67,566;0,550;;;
926,000;67,512;0,547;;;
927,000;67,458;0,545;;;
928,000;67,405;0,542;;;
929,000;67,351;0,539;;;
930,000;67,298;0,536;;;
931,000;67,244;0,532;;;
932,000;67,191;0,529;;;
933,000;67,138;0,526;;;
934,000;67,086;0,522;;;
935,000;67,033;0,519;;;
936,000;66,980;0,516;;;
937,000;66,928;0,512;;;
938,000;66,876;0,508;;;
939,000;66,824;0,505;;;
940,000;66,773;0,501;;;
941,000;66,721;0,498;;;
942,000;66,670;0,494;;;
943,000;66,619;0,490;;;
944,000;66,568;0,486;;;
945,000;66,518;0,482;;;
946,000;66,467;0,478;;;
947,000;66,417;0,475;;;
948,000;66,368;0,471;;;
949,000;66,318;0,467;;;
950,000;66,269;0,463;;;
951,000;66,220;0,459;;;
952,000;66,171;0,455;;;
953,000;66,123;0,451;;;
954,000;66,075;0,447;;;
955,000;66,027;0,443;;;
956,000;65,980;0,439;;;
957,000;65,933;0,435;;;
958,000;65,886;0,431;;;
959,000;65,840;0,427;;;
960,000;65,794;0,423;;;
961,000;65,748;0,419;;;
962,000;65,703;0,415;;;
963,000;65,657;0,411;;;
964,000;65,613;0,407;;;
965,000;65,568;0,403;;;
966,000;65,524;0,399;;;
967,000;65,480;0,395;;;
968,000;65,437;0,392;;;
969,000;65,394;0,388;;;
970,000;65,351;0,384;;;
971,000;65,309;0,380;;;
972,000;65,267;0,377;;;
973,000;65,225;0,373;;;
974,000;65,184;0,370;;;
975,000;65,143;0,366;;;
976,000;65,103;0,363;;;
977,000;65,062;0,360;;;
978,000;65,022;0,357;;;
979,000;64,983;0,354;;;
980,000;64,943;0,351;;;
981,000;64,905;0,348;;;
982,000;64,866;0,345;;;
983,000;64,828;0,343;;;
984,000;64,790;0,340;;;
985,000;64,752;0,338;;;
986,000;64,715;0,336;;;
987,000;64,678;0,334;;;
988,000;64,641;0,332;;;
989,000;64,605;0,331;;;
990,000;64,568;0,329;;;
991,000;64,533;0,328;;;
992,000;64,497;0,326;;;
993,000;64,462;0,325;;;
994,000;64,427;0,325;;;
995,000;64,392;0,324;;;
996,000;64,358;0,323;;;
997,000;64,324;0,323;;;
998,000;64,290;0,323;;;
999,000;64,256;0,323;;;
1000,000;64,223;0,323;;;
1001,000;64,189;0,323;;;
1002,000;64,157;0,324;;;
1003,000;64,124;0,325;;;
1004,000;64,091;0,325;;;
1005,000;64,059;0,326;;;
1006,000;64,027;0,327;;;
1007,000;63,996;0,329;;;
1008,000;63,964;0,330;;;
1009,000;63,933;0,331;;;
1010,000;63,902;0,333;;;
1011,000;63,871;0,335;;;
1012,000;63,840;0,337;;;
1013,000;63,810;0,339;;;
1014,000;63,780;0,341;;;
1015,000;63,750;0,343;;;
1016,000;63,720;0,345;;;
1017,000;63,690;0,347;;;
1018,000;63,661;0,350;;;
1019,000;63,632;0,352;;;
1020,000;63,603;0,355;;;
1021,000;63,574;0,357;;;
1022,000;63,545;0,360;;;
1023,000;63,517;0,362;;;
1024,000;63,489;0,365;;;
1025,000;63,461;0,368;;;
1026,000;63,433;0,371;;;
1027,000;63,406;0,374;;;
1028,000;63,378;0,376;;;
1029,000;63,351;0,379;;;
1030,000;63,324;0,382;;;
1031,000;63,297;0,385;;;
1032,000;63,271;0,388;;;
1033,000;63,245;0,391;;;
1034,000;63,219;0,393;;;
1035,000;63,193;0,396;;;
1036,000;63,167;0,399;;;
1037,000;63,142;0,402;;;
1038,000;63,117;0,404;;;
1039,000;63,092;0,407;;;
1040,000;63,067;0,410;;;
1041,000;63,042;0,412;;;
1042,000;63,018;0,415;;;
1043,000;62,994;0,418;;;
1044,000;62,970;0,420;;;
1045,000;62,946;0,422;;;
1046,000;62,923;0,425;;;
1047,000;62,899;0,427;;;
1048,000;62,876;0,429;;;
1049,000;62,854;0,431;;;
1050,000;62,831;0,434;;;
1051,000;62,809;0,436;;;
1052,000;62,786;0,438;;;
1053,000;62,764;0,440;;;
1054,000;62,743;0,441;;;
1055,000;62,721;0,443;;;
1056,000;62,700;0,445;;;
1057,000;62,678;0,447;;;
1058,000;62,658;0,449;;;
1059,000;62,637;0,450;;;
1060,000;62,616;0,452;;;
1061,000;62,596;0,453;;;
1062,000;62,576;0,455;;;
1063,000;62,556;0,456;;;
1064,000;62,536;0,458;;;
1065,000;62,516;0,459;;;
1066,000;62,497;0,460;;;
1067,000;62,477;0,462;;;
1068,000;62,458;0,463;;;
1069,000;62,439;0,464;;;
1070,000;62,421;0,465;;;
1071,000;62,402;0,466;;;
1072,000;62,384;0,467;;;
1073,000;62,365;0,468;;;
1074,000;62,347;0,469;;;
1075,000;62,329;0,471;;;
1076,000;62,311;0,472;;;
1077,000;62,293;0,472;;;
1078,000;62,275;0,473;;;
1079,000;62,258;0,474;;;
1080,000;62,240;0,475;;;
1081,000;62,223;0,476;;;
1082,000;62,206;0,477;;;
1083,000;62,188;0,478;;;
1084,000;62,171;0,479;;;
1085,000;62,154;0,480;;;
1086,000;62,137;0,481;;;
1087,000;62,120;0,481;;;
1088,000;62,103;0,482;;;
1089,000;62,086;0,483;;;
1090,000;62,069;0,484;;;
1091,000;62,052;0,485;;;
1092,000;62,036;0,486;;;
1093,000;62,019;0,487;;;
1094,000;62,002;0,487;;;
1095,000;61,985;0,488;;;
1096,000;61,968;0,489;;;
1097,000;61,951;0,490;;;
1098,000;61,934;0,491;;;
1099,000;61,917;0,492;;;
1100,000;61,900;0,493;;;
1101,000;61,883;0,493;;;
1102,000;61,866;0,494;;;
1103,000;61,849;0,495;;;
1104,000;61,832;0,496;;;
1105,000;61,814;0,497;;;
1106,000;61,797;0,498;;;
1107,000;61,779;0,499;;;
1108,000;61,762;0,500;;;
1109,000;61,744;0,501;;;
1110,000;61,726;0,501;;;
1111,000;61,708;0,502;;;
1112,000;61,690;0,503;;;
1113,000;61,672;0,504;;;
1114,000;61,654;0,505;;;
1115,000;61,635;0,506;;;
1116,000;61,616;0,507;;;
1117,000;61,598;0,508;;;
1118,000;61,579;0,509;;;
1119,000;61,560;0,509;;;
1120,000;61,540;0,510;;;
1121,000;61,521;0,511;;;
1122,000;61,501;0,512;;;
1123,000;61,481;0,513;;;
1124,000;61,462;0,514;;;
1125,000;61,441;0,515;;;
1126,000;61,421;0,516;;;
1127,000;61,401;0,516;;;
1128,000;61,380;0,517;;;
1129,000;61,359;0,518;;;
1130,000;61,338;0,519;;;
1131,000;61,316;0,520;;;
1132,000;61,295;0,520;;;
1133,000;61,273;0,521;;;
1134,000;61,251;0,522;;;
1135,000;61,229;0,522;;;
1136,000;61,207;0,523;;;
1137,000;61,184;0,524;;;
1138,000;61,161;0,524;;;
1139,000;61,138;0,525;;;
1140,000;61,115;0,526;;;
1141,000;61,092;0,526;;;
1142,000;61,068;0,527;;;
1143,000;61,044;0,527;;;
1144,000;61,020;0,528;;;
1145,000;60,996;0,528;;;
1146,000;60,971;0,529;;;
1147,000;60,946;0,529;;;
1148,000;60,921;0,529;;;
1149,000;60,896;0,530;;;
1150,000;60,871;0,530;;;
1151,000;60,845;0,530;;;
1152,000;60,819;0,530;;;
1153,000;60,793;0,530;;;
1154,000;60,767;0,530;;;
1155,000;60,740;0,530;;;
1156,000;60,713;0,530;;;
1157,000;60,686;0,530;;;
1158,000;60,659;0,530;;;
1159,000;60,631;0,530;;;
1160,000;60,603;0,529;;;
1161,000;60,576;0,529;;;
1162,000;60,547;0,529;;;
1163,000;60,519;0,528;;;
1164,000;60,490;0,528;;;
1165,000;60,461;0,527;;;
1166,000;60,432;0,526;;;
1167,000;60,403;0,526;;;
1168,000;60,374;0,525;;;
1169,000;60,344;0,524;;;
1170,000;60,314;0,523;;;
1171,000;60,284;0,522;;;
1172,000;60,254;0,521;;;
1173,000;60,223;0,520;;;
1174,000;60,193;0,519;;;
1175,000;60,162;0,518;;;
1176,000;60,131;0,516;;;
1177,000;60,100;0,515;;;
1178,000;60,069;0,514;;;
1179,000;60,037;0,512;;;
1180,000;60,005;0,511;;;
1181,000;59,974;0,509;;;
1182,000;59,942;0,508;;;
1183,000;59,909;0,506;;;
1184,000;59,877;0,504;;;
1185,000;59,845;0,503;;;
1186,000;59,812;0,501;;;
1187,000;59,780;0,499;;;
1188,000;59,747;0,497;;;
1189,000;59,714;0,494;;;
1190,000;59,681;0,492;;;
1191,000;59,648;0,490;;;
1192,000;59,614;0,487;;;
1193,000;59,581;0,485;;;
1194,000;59,547;0,482;;;
1195,000;59,514;0,480;;;
1196,000;59,480;0,477;;;
1197,000;59,446;0,474;;;
1198,000;59,413;0,471;;;
1199,000;59,379;0,468;;;
1200,000;59,345;0,465;;;
1201,000;59,311;0,461;;;
1202,000;59,276;0,458;;;
1203,000;59,242;0,455;;;
1204,000;59,208;0,451;;;
1205,000;59,174;0,448;;;
1206,000;59,139;0,444;;;
1207,000;59,105;0,441;;;
1208,000;59,070;0,437;;;
1209,000;59,036;0,434;;;
1210,000;59,001;0,430;;;
1211,000;58,967;0,426;;;
1212,000;58,932;0,422;;;
1213,000;58,897;0,418;;;
1214,000;58,863;0,415;;;
1215,000;58,828;0,411;;;
1216,000;58,793;0,407;;;
1217,000;58,758;0,403;;;
1218,000;58,724;0,399;;;
1219,000;58,689;0,395;;;
1220,000;58,654;0,391;;;
1221,000;58,619;0,387;;;
1222,000;58,584;0,383;;;
1223,000;58,550;0,379;;;
1224,000;58,515;0,375;;;
1225,000;58,480;0,371;;;
1226,000;58,445;0,368;;;
1227,000;58,410;0,364;;;
1228,000;58,375;0,360;;;
1229,000;58,340;0,356;;;
1230,000;58,306;0,352;;;
1231,000;58,271;0,348;;;
1232,000;58,236;0,345;;;
1233,000;58,201;0,341;;;
1234,000;58,166;0,337;;;
1235,000;58,131;0,334;;;
1236,000;58,096;0,330;;;
1237,000;58,061;0,327;;;
1238,000;58,027;0,324;;;
1239,000;57,992;0,321;;;
1240,000;57,957;0,318;;;
1241,000;57,922;0,315;;;
1242,000;57,887;0,312;;;
1243,000;57,852;0,309;;;
1244,000;57,817;0,307;;;
1245,000;57,782;0,304;;;
1246,000;57,747;0,302;;;
1247,000;57,712;0,300;;;
1248,000;57,677;0,299;;;
1249,000;57,642;0,297;;;
1250,000;57,607;0,296;;;
1251,000;57,571;0,294;;;
1252,000;57,536;0,293;;;
1253,000;57,501;0,292;;;
1254,000;57,466;0,292;;;
1255,000;57,431;0,291;;;
1256,000;57,395;0,291;;;
1257,000;57,360;0,291;;;
1258,000;57,325;0,291;;;
1259,000;57,289;0,291;;;
1260,000;57,254;0,292;;;
1261,000;57,219;0,292;;;
1262,000;57,183;0,293;;;
1263,000;57,148;0,294;;;
1264,000;57,113;0,295;;;
1265,000;57,078;0,296;;;
1266,000;57,042;0,297;;;
1267,000;57,007;0,299;;;
1268,000;56,972;0,300;;;
1269,000;56,937;0,302;;;
1270,000;56,902;0,304;;;
1271,000;56,867;0,305;;;
1272,000;56,833;0,307;;;
1273,000;56,798;0,309;;;
1274,000;56,764;0,312;;;
1275,000;56,729;0,314;;;
1276,000;56,695;0,316;;;
1277,000;56,661;0,318;;;
1278,000;56,627;0,321;;;
1279,000;56,593;0,323;;;
1280,000;56,560;0,325;;;
1281,000;56,527;0,328;;;
1282,000;56,493;0,330;;;
1283,000;56,461;0,333;;;
1284,000;56,428;0,335;;;
1285,000;56,395;0,338;;;
1286,000;56,363;0,340;;;
1287,000;56,331;0,343;;;
1288,000;56,299;0,345;;;
1289,000;56,268;0,348;;;
1290,000;56,237;0,350;;;
1291,000;56,206;0,353;;;
1292,000;56,176;0,355;;;
1293,000;56,145;0,358;;;
1294,000;56,115;0,360;;;
1295,000;56,086;0,363;;;
1296,000;56,057;0,365;;;
1297,000;56,028;0,368;;;
1298,000;55,999;0,370;;;
1299,000;55,971;0,372;;;
1300,000;55,944;0,375;;;
1301,000;55,916;0,377;;;
1302,000;55,890;0,379;;;
1303,000;55,863;0,381;;;
1304,000;55,837;0,384;;;
1305,000;55,812;0,386;;;
1306,000;55,787;0,388;;;
1307,000;55,762;0,390;;;
1308,000;55,738;0,392;;;
1309,000;55,715;0,394;;;
1310,000;55,691;0,396;;;
1311,000;55,669;0,398;;;
1312,000;55,647;0,400;;;
1313,000;55,625;0,402;;;
1314,000;55,604;0,404;;;
1315,000;55,584;0,406;;;
1316,000;55,564;0,408;;;
1317,000;55,545;0,410;;;
1318,000;55,526;0,411;;;
1319,000;55,508;0,413;;;
1320,000;55,490;0,415;;;
1321,000;55,473;0,417;;;
1322,000;55,456;0,418;;;
1323,000;55,440;0,420;;;
1324,000;55,425;0,422;;;
1325,000;55,410;0,423;;;
1326,000;55,396;0,425;;;
1327,000;55,383;0,427;;;
1328,000;55,370;0,428;;;
1329,000;55,358;0,430;;;
1330,000;55,346;0,431;;;
1331,000;55,335;0,433;;;
1332,000;55,324;0,434;;;
1333,000;55,314;0,436;;;
1334,000;55,305;0,438;;;
1335,000;55,297;0,439;;;
1336,000;55,289;0,441;;;
1337,000;55,281;0,442;;;
1338,000;55,275;0,444;;;
1339,000;55,269;0,445;;;
1340,000;55,263;0,447;;;
1341,000;55,259;0,448;;;
1342,000;55,255;0,450;;;
1343,000;55,251;0,451;;;
1344,000;55,248;0,452;;;
1345,000;55,246;0,454;;;
1346,000;55,245;0,455;;;
1347,000;55,244;0,457;;;
1348,000;55,244;0,458;;;
1349,000;55,244;0,460;;;
1350,000;55,245;0,461;;;
1351,000;55,247;0,463;;;
1352,000;55,250;0,464;;;
1353,000;55,253;0,466;;;
1354,000;55,257;0,467;;;
1355,000;55,262;0,469;;;
1356,000;55,267;0,470;;;
1357,000;55,273;0,472;;;
1358,000;55,280;0,473;;;
1359,000;55,287;0,475;;;
1360,000;55,295;0,476;;;
1361,000;55,304;0,478;;;
1362,000;55,313;0,479;;;
1363,000;55,324;0,481;;;
1364,000;55,335;0,483;;;
1365,000;55,346;0,484;;;
1366,000;55,359;0,486;;;
1367,000;55,372;0,488;;;
1368,000;55,386;0,490;;;
1369,000;55,400;0,491;;;
1370,000;55,415;0,493;;;
1371,000;55,431;0,495;;;
1372,000;55,448;0,497;;;
1373,000;55,466;0,499;;;
1374,000;55,484;0,501;;;
1375,000;55,503;0,503;;;
1376,000;55,522;0,505;;;
1377,000;55,543;0,507;;;
1378,000;55,564;0,509;;;
1379,000;55,585;0,511;;;
1380,000;55,608;0,513;;;
1381,000;55,631;0,515;;;
1382,000;55,655;0,517;;;
1383,000;55,679;0,519;;;
1384,000;55,704;0,521;;;
1385,000;55,730;0,523;;;
1386,000;55,757;0,525;;;
1387,000;55,784;0,527;;;
1388,000;55,812;0,529;;;
1389,000;55,840;0,530;;;
1390,000;55,869;0,532;;;
1391,000;55,899;0,534;;;
1392,000;55,930;0,536;;;
1393,000;55,961;0,538;;;
1394,000;55,993;0,539;;;
1395,000;56,025;0,541;;;
1396,000;56,058;0,543;;;
1397,000;56,092;0,544;;;
1398,000;56,126;0,546;;;
1399,000;56,161;0,547;;;
1400,000;56,196;0,549;;;
1401,000;56,232;0,551;;;
1402,000;56,269;0,552;;;
1403,000;56,306;0,554;;;
1404,000;56,343;0,555;;;
1405,000;56,382;0,556;;;
1406,000;56,420;0,558;;;
1407,000;56,460;0,559;;;
1408,000;56,500;0,561;;;
1409,000;56,540;0,562;;;
1410,000;56,581;0,563;;;
1411,000;56,623;0,564;;;
1412,000;56,664;0,566;;;
1413,000;56,707;0,567;;;
1414,000;56,750;0,568;;;
1415,000;56,793;0,569;;;
1416,000;56,837;0,571;;;
1417,000;56,882;0,572;;;
1418,000;56,926;0,573;;;
1419,000;56,972;0,574;;;
1420,000;57,018;0,575;;;
1421,000;57,064;0,576;;;
1422,000;57,110;0,577;;;
1423,000;57,157;0,578;;;
1424,000;57,205;0,579;;;
1425,000;57,253;0,580;;;
1426,000;57,301;0,581;;;
1427,000;57,350;0,582;;;
1428,000;57,399;0,583;;;
1429,000;57,448;0,584;;;
1430,000;57,498;0,585;;;
1431,000;57,549;0,586;;;
1432,000;57,599;0,586;;;
1433,000;57,650;0,587;;;
1434,000;57,702;0,588;;;
1435,000;57,753;0,589;;;
1436,000;57,805;0,589;;;
1437,000;57,858;0,590;;;
1438,000;57,911;0,590;;;
1439,000;57,964;0,591;;;
1440,000;58,017;0,591;;;
1441,000;58,071;0,592;;;
1442,000;58,125;0,592;;;
1443,000;58,179;0,593;;;
1444,000;58,234;0,593;;;
1445,000;58,289;0,593;;;
1446,000;58,344;0,593;;;
1447,000;58,399;0,594;;;
1448,000;58,455;0,594;;;
1449,000;58,511;0,594;;;
1450,000;58,567;0,594;;;
1451,000;58,624;0,594;;;
1452,000;58,681;0,594;;;
1453,000;58,738;0,594;;;
1454,000;58,795;0,593;;;
1455,000;58,853;0,593;;;
1456,000;58,911;0,593;;;
1457,000;58,969;0,593;;;
1458,000;59,027;0,592;;;
1459,000;59,085;0,592;;;
1460,000;59,144;0,591;;;
1461,000;59,203;0,591;;;
1462,000;59,262;0,590;;;
1463,000;59,322;0,590;;;
1464,000;59,381;0,589;;;
1465,000;59,441;0,588;;;
1466,000;59,501;0,588;;;
1467,000;59,561;0,587;;;
1468,000;59,621;0,586;;;
1469,000;59,681;0,585;;;
1470,000;59,742;0,584;;;
1471,000;59,803;0,583;;;
1472,000;59,864;0,582;;;
1473,000;59,925;0,581;;;
1474,000;59,986;0,580;;;
1475,000;60,047;0,579;;;
1476,000;60,109;0,578;;;
1477,000;60,170;0,577;;;
1478,000;60,232;0,576;;;
1479,000;60,294;0,575;;;
1480,000;60,356;0,573;;;
1481,000;60,418;0,572;;;
1482,000;60,480;0,571;;;
1483,000;60,542;0,569;;;
1484,000;60,605;0,568;;;
1485,000;60,667;0,567;;;
1486,000;60,730;0,566;;;
1487,000;60,793;0,564;;;
1488,000;60,855;0,563;;;
1489,000;60,918;0,561;;;
1490,000;60,981;0,560;;;
1491,000;61,044;0,559;;;
1492,000;61,108;0,557;;;
1493,000;61,171;0,556;;;
1494,000;61,234;0,555;;;
1495,000;61,298;0,553;;;
1496,000;61,361;0,552;;;
1497,000;61,425;0,550;;;
1498,000;61,489;0,549;;;
1499,000;61,552;0,548;;;
1500,000;61,616;0,546;;;
1501,000;61,680;0,545;;;
1502,000;61,744;0,544;;;
1503,000;61,808;0,542;;;
1504,000;61,873;0,541;;;
1505,000;61,937;0,540;;;
1506,000;62,001;0,538;;;
1507,000;62,066;0,537;;;
1508,000;62,130;0,536;;;
1509,000;62,195;0,535;;;
1510,000;62,260;0,534;;;
1511,000;62,325;0,533;;;
1512,000;62,390;0,532;;;
1513,000;62,455;0,531;;;
1514,000;62,520;0,530;;;
1515,000;62,585;0,529;;;
1516,000;62,651;0,528;;;
1517,000;62,716;0,527;;;
1518,000;62,781;0,526;;;
1519,000;62,847;0,525;;;
1520,000;62,913;0,525;;;
1521,000;62,978;0,524;;;
1522,000;63,044;0,523;;;
1523,000;63,110;0,523;;;
1524,000;63,176;0,522;;;
1525,000;63,242;0,522;;;
1526,000;63,308;0,521;;;
1527,000;63,374;0,521;;;
1528,000;63,440;0,521;;;
1529,000;63,507;0,520;;;
1530,000;63,573;0,520;;;
1531,000;63,639;0,520;;;
1532,000;63,706;0,520;;;
1533,000;63,772;0,520;;;
1534,000;63,839;0,520;;;
1535,000;63,905;0,520;;;
1536,000;63,972;0,520;;;
1537,000;64,038;0,520;;;
1538,000;64,105;0,520;;;
1539,000;64,172;0,521;;;
1540,000;64,238;0,521;;;
1541,000;64,305;0,522;;;
1542,000;64,372;0,522;;;
1543,000;64,438;0,523;;;
1544,000;64,505;0,523;;;
1545,000;64,572;0,524;;;
1546,000;64,639;0,525;;;
1547,000;64,706;0,526;;;
1548,000;64,772;0,527;;;
1549,000;64,839;0,528;;;
1550,000;64,906;0,529;;;
1551,000;64,973;0,530;;;
1552,000;65,039;0,531;;;
1553,000;65,106;0,533;;;
1554,000;65,173;0,534;;;
1555,000;65,240;0,535;;;
1556,000;65,306;0,537;;;
1557,000;65,373;0,539;;;
1558,000;65,440;0,540;;;
1559,000;65,506;0,542;;;
1560,000;65,573;0,544;;;
1561,000;65,639;0,546;;;
1562,000;65,705;0,548;;;
1563,000;65,772;0,550;;;
1564,000;65,838;0,553;;;
1565,000;65,904;0,555;;;
1566,000;65,971;0,557;;;
1567,000;66,037;0,559;;;
1568,000;66,103;0,562;;;
1569,000;66,168;0,564;;;
1570,000;66,234;0,566;;;
1571,000;66,300;0,569;;;
1572,000;66,366;0,571;;;
1573,000;66,431;0,574;;;
1574,000;66,496;0,576;;;
1575,000;66,561;0,578;;;
1576,000;66,627;0,581;;;
1577,000;66,691;0,583;;;
1578,000;66,756;0,586;;;
1579,000;66,821;0,588;;;
1580,000;66,885;0,590;;;
1581,000;66,950;0,593;;;
1582,000;67,014;0,595;;;
1583,000;67,078;0,597;;;
1584,000;67,141;0,599;;;
1585,000;67,205;0,601;;;
1586,000;67,268;0,604;;;
1587,000;67,331;0,606;;;
1588,000;67,394;0,608;;;
1589,000;67,457;0,610;;;
1590,000;67,519;0,612;;;
1591,000;67,581;0,614;;;
1592,000;67,643;0,616;;;
1593,000;67,704;0,618;;;
1594,000;67,766;0,619;;;
1595,000;67,827;0,621;;;
1596,000;67,888;0,623;;;
1597,000;67,948;0,625;;;
1598,000;68,008;0,627;;;
1599,000;68,068;0,628;;;
1600,000;68,127;0,630;;;
1601,000;68,186;0,631;;;
1602,000;68,245;0,633;;;
1603,000;68,304;0,635;;;
1604,000;68,362;0,636;;;
1605,000;68,420;0,638;;;
1606,000;68,477;0,639;;;
1607,000;68,534;0,640;;;
1608,000;68,591;0,642;;;
1609,000;68,647;0,643;;;
1610,000;68,703;0,644;;;
1611,000;68,758;0,646;;;
1612,000;68,813;0,647;;;
1613,000;68,868;0,648;;;
1614,000;68,922;0,649;;;
1615,000;68,976;0,650;;;
1616,000;69,029;0,652;;;
1617,000;69,082;0,653;;;
1618,000;69,134;0,654;;;
1619,000;69,186;0,655;;;
1620,000;69,238;0,656;;;
1621,000;69,289;0,657;;;
1622,000;69,340;0,658;;;
1623,000;69,390;0,659;;;
1624,000;69,440;0,660;;;
1625,000;69,489;0,661;;;
1626,000;69,537;0,662;;;
1627,000;69,586;0,662;;;
1628,000;69,633;0,663;;;
1629,000;69,681;0,664;;;
1630,000;69,727;0,665;;;
1631,000;69,773;0,666;;;
1632,000;69,819;0,667;;;
1633,000;69,864;0,667;;;
1634,000;69,909;0,668;;;
1635,000;69,953;0,669;;;
1636,000;69,997;0,670;;;
1637,000;70,040;0,671;;;
1638,000;70,082;0,671;;;
1639,000;70,124;0,672;;;
1640,000;70,165;0,673;;;
1641,000;70,206;0,673;;;
1642,000;70,246;0,674;;;
1643,000;70,286;0,675;;;
1644,000;70,325;0,676;;;
1645,000;70,364;0,676;;;
1646,000;70,402;0,677;;;
1647,000;70,439;0,678;;;
1648,000;70,476;0,678;;;
1649,000;70,512;0,679;;;
1650,000;70,548;0,680;;;
1651,000;70,583;0,680;;;
1652,000;70,617;0,681;;;
1653,000;70,651;0,681;;;
1654,000;70,684;0,682;;;
1655,000;70,717;0,682;;;
1656,000;70,749;0,683;;;
1657,000;70,780;0,683;;;
1658,000;70,811;0,684;;;
1659,000;70,841;0,684;;;
1660,000;70,871;0,685;;;
1661,000;70,899;0,685;;;
1662,000;70,928;0,685;;;
1663,000;70,955;0,685;;;
1664,000;70,982;0,685;;;
1665,000;71,009;0,685;;;
1666,000;71,035;0,684;;;
1667,000;71,060;0,684;;;
1668,000;71,084;0,683;;;
1669,000;71,108;0,682;;;
1670,000;71,131;0,681;;;
1671,000;71,154;0,680;;;
1672,000;71,176;0,678;;;
1673,000;71,197;0,677;;;
1674,000;71,218;0,675;;;
1675,000;71,238;0,674;;;
1676,000;71,257;0,672;;;
1677,000;71,276;0,670;;;
1678,000;71,294;0,668;;;
1679,000;71,312;0,667;;;
1680,000;71,329;0,665;;;
1681,000;71,345;0,663;;;
1682,000;71,360;0,661;;;
1683,000;71,375;0,659;;;
1684,000;71,390;0,657;;;
1685,000;71,404;0,655;;;
1686,000;71,417;0,652;;;
1687,000;71,429;0,650;;;
1688,000;71,441;0,648;;;
1689,000;71,453;0,646;;;
1690,000;71,463;0,644;;;
1691,000;71,473;0,641;;;
1692,000;71,483;0,639;;;
1693,000;71,492;0,637;;;
1694,000;71,500;0,634;;;
1695,000;71,508;0,632;;;
1696,000;71,515;0,630;;;
1697,000;71,521;0,627;;;
1698,000;71,527;0,625;;;
1699,000;71,533;0,622;;;
1700,000;71,537;0,620;;;
1701,000;71,542;0,617;;;
1702,000;71,545;0,615;;;
1703,000;71,548;0,612;;;
1704,000;71,551;0,610;;;
1705,000;71,552;0,607;;;
1706,000;71,554;0,604;;;
1707,000;71,554;0,602;;;
1708,000;71,555;0,599;;;
1709,000;71,554;0,596;;;
1710,000;71,553;0,594;;;
1711,000;71,552;0,591;;;
1712,000;71,550;0,588;;;
1713,000;71,547;0,585;;;
1714,000;71,544;0,583;;;
1715,000;71,541;0,580;;;
1716,000;71,536;0,577;;;
1717,000;71,532;0,574;;;
1718,000;71,527;0,571;;;
1719,000;71,521;0,568;;;
1720,000;71,515;0,566;;;
1721,000;71,508;0,563;;;
1722,000;71,500;0,560;;;
1723,000;71,493;0,557;;;
1724,000;71,484;0,554;;;
1725,000;71,475;0,551;;;
1726,000;71,466;0,549;;;
1727,000;71,456;0,546;;;
1728,000;71,446;0,543;;;
1729,000;71,435;0,540;;;
1730,000;71,424;0,537;;;
1731,000;71,412;0,535;;;
1732,000;71,399;0,532;;;
1733,000;71,386;0,529;;;
1734,000;71,373;0,526;;;
1735,000;71,359;0,524;;;
1736,000;71,345;0,521;;;
1737,000;71,330;0,518;;;
1738,000;71,315;0,516;;;
1739,000;71,299;0,513;;;
1740,000;71,283;0,511;;;
1741,000;71,266;0,508;;;
1742,000;71,249;0,506;;;
1743,000;71,231;0,503;;;
1744,000;71,213;0,501;;;
1745,000;71,194;0,499;;;
1746,000;71,175;0,496;;;
1747,000;71,155;0,494;;;
1748,000;71,135;0,492;;;
1749,000;71,114;0,490;;;
1750,000;71,093;0,488;;;
1751,000;71,072;0,486;;;
1752,000;71,050;0,484;;;
1753,000;71,027;0,483;;;
1754,000;71,004;0,481;;;
1755,000;70,981;0,480;;;
1756,000;70,957;0,478;;;
1757,000;70,932;0,477;;;
1758,000;70,907;0,476;;;
1759,000;70,882;0,475;;;
1760,000;70,856;0,474;;;
1761,000;70,830;0,474;;;
1762,000;70,803;0,473;;;
1763,000;70,776;0,473;;;
1764,000;70,748;0,473;;;
1765,000;70,720;0,473;;;
1766,000;70,692;0,474;;;
1767,000;70,663;0,475;;;
1768,000;70,633;0,476;;;
1769,000;70,604;0,477;;;
1770,000;70,573;0,479;;;
1771,000;70,542;0,481;;;
1772,000;70,511;0,484;;;
1773,000;70,480;0,487;;;
1774,000;70,447;0,491;;;
1775,000;70,415;0,495;;;
1776,000;70,382;0,499;;;
1777,000;70,349;0,504;;;
1778,000;70,315;0,509;;;
1779,000;70,281;0,514;;;
1780,000;70,246;0,520;;;
1781,000;70,211;0,526;;;
1782,000;70,176;0,532;;;
1783,000;70,140;0,539;;;
1784,000;70,104;0,546;;;
1785,000;70,068;0,552;;;
1786,000;70,031;0,559;;;
1787,000;69,994;0,566;;;
1788,000;69,957;0,574;;;
1789,000;69,919;0,581;;;
1790,000;69,881;0,589;;;
1791,000;69,843;0,596;;;
1792,000;69,804;0,604;;;
1793,000;69,765;0,612;;;
1794,000;69,726;0,619;;;
1795,000;69,687;0,627;;;
1796,000;69,647;0,635;;;
1797,000;69,607;0,643;;;
1798,000;69,567;0,651;;;
1799,000;69,527;0,659;;;
1800,000;69,486;0,667;;;
1801,000;69,445;0,676;;;
1802,000;69,404;0,684;;;
1803,000;69,363;0,692;;;
1804,000;69,322;0,700;;;
1805,000;69,280;0,709;;;
1806,000;69,238;0,717;;;
1807,000;69,196;0,725;;;
1808,000;69,154;0,734;;;
1809,000;69,112;0,742;;;
1810,000;69,069;0,750;;;
1811,000;69,027;0,759;;;
1812,000;68,984;0,767;;;
1813,000;68,942;0,775;;;
1814,000;68,899;0,783;;;
1815,000;68,856;0,792;;;
1816,000;68,813;0,800;;;
1817,000;68,769;0,808;;;
1818,000;68,726;0,815;;;
1819,000;68,683;0,823;;;
1820,000;68,640;0,831;;;
1821,000;68,596;0,838;;;
1822,000;68,553;0,845;;;
1823,000;68,509;0,852;;;
1824,000;68,465;0,859;;;
1825,000;68,422;0,865;;;
1826,000;68,378;0,871;;;
1827,000;68,334;0,877;;;
1828,000;68,291;0,882;;;
1829,000;68,247;0,886;;;
1830,000;68,203;0,890;;;
